,ASV
0,Bacteria_Actinobacteriota_Actinobacteria_Bifidobacteriales_Bifidobacteriaceae_Bifidobacterium_bifidum.1
1,Bacteria_Actinobacteriota_Actinobacteria_Bifidobacteriales_Bifidobacteriaceae_Bifidobacterium_longum.1
2,Bacteria_Actinobacteriota_Actinobacteria_Bifidobacteriales_Bifidobacteriaceae_Bifidobacterium_longum.2
3,Bacteria_Actinobacteriota_Actinobacteria_Bifidobacteriales_Bifidobacteriaceae_Bifidobacterium_NA.12
4,Bacteria_Actinobacteriota_Actinobacteria_Bifidobacteriales_Bifidobacteriaceae_Bifidobacterium_NA.21
5,Bacteria_Actinobacteriota_Coriobacteriia_Coriobacteriales_Coriobacteriaceae_Collinsella_aerofaciens.1
6,Bacteria_Actinobacteriota_Coriobacteriia_Coriobacteriales_Coriobacteriaceae_Collinsella_NA.7
7,Bacteria_Actinobacteriota_Coriobacteriia_Coriobacteriales_Eggerthellaceae_Adlercreutzia_equolifaciens.3
8,Bacteria_Actinobacteriota_Coriobacteriia_Coriobacteriales_Eggerthellaceae_Adlercreutzia_NA.6
9,Bacteria_Actinobacteriota_Coriobacteriia_Coriobacteriales_Eggerthellaceae_NA_NA.2
10,Bacteria_Actinobacteriota_Coriobacteriia_Coriobacteriales_Eggerthellaceae_Senegalimassilia_NA.7
11,Bacteria_Actinobacteriota_Coriobacteriia_Coriobacteriales_Eggerthellaceae_Slackia_isoflavoniconvertens.1
12,Bacteria_Bacteroidota_Bacteroidia_Bacteroidales_Bacteroidaceae_Bacteroides_caccae.1
13,Bacteria_Bacteroidota_Bacteroidia_Bacteroidales_Bacteroidaceae_Bacteroides_caccae.2
14,Bacteria_Bacteroidota_Bacteroidia_Bacteroidales_Bacteroidaceae_Bacteroides_caccae.3
15,Bacteria_Bacteroidota_Bacteroidia_Bacteroidales_Bacteroidaceae_Bacteroides_clarus.1
16,Bacteria_Bacteroidota_Bacteroidia_Bacteroidales_Bacteroidaceae_Bacteroides_coprocola.2
17,Bacteria_Bacteroidota_Bacteroidia_Bacteroidales_Bacteroidaceae_Bacteroides_coprocola.3
18,Bacteria_Bacteroidota_Bacteroidia_Bacteroidales_Bacteroidaceae_Bacteroides_coprocola.4
19,Bacteria_Bacteroidota_Bacteroidia_Bacteroidales_Bacteroidaceae_Bacteroides_eggerthii.1
20,Bacteria_Bacteroidota_Bacteroidia_Bacteroidales_Bacteroidaceae_Bacteroides_eggerthii.2
21,Bacteria_Bacteroidota_Bacteroidia_Bacteroidales_Bacteroidaceae_Bacteroides_fragilis.4
22,Bacteria_Bacteroidota_Bacteroidia_Bacteroidales_Bacteroidaceae_Bacteroides_intestinalis.1
23,Bacteria_Bacteroidota_Bacteroidia_Bacteroidales_Bacteroidaceae_Bacteroides_intestinalis.3
24,Bacteria_Bacteroidota_Bacteroidia_Bacteroidales_Bacteroidaceae_Bacteroides_massiliensis.1
25,Bacteria_Bacteroidota_Bacteroidia_Bacteroidales_Bacteroidaceae_Bacteroides_massiliensis.2
26,Bacteria_Bacteroidota_Bacteroidia_Bacteroidales_Bacteroidaceae_Bacteroides_massiliensis.3
27,Bacteria_Bacteroidota_Bacteroidia_Bacteroidales_Bacteroidaceae_Bacteroides_NA.277
28,Bacteria_Bacteroidota_Bacteroidia_Bacteroidales_Bacteroidaceae_Bacteroides_NA.286
29,Bacteria_Bacteroidota_Bacteroidia_Bacteroidales_Bacteroidaceae_Bacteroides_NA.288
30,Bacteria_Bacteroidota_Bacteroidia_Bacteroidales_Bacteroidaceae_Bacteroides_NA.290
31,Bacteria_Bacteroidota_Bacteroidia_Bacteroidales_Bacteroidaceae_Bacteroides_NA.304
32,Bacteria_Bacteroidota_Bacteroidia_Bacteroidales_Bacteroidaceae_Bacteroides_NA.305
33,Bacteria_Bacteroidota_Bacteroidia_Bacteroidales_Bacteroidaceae_Bacteroides_NA.307
34,Bacteria_Bacteroidota_Bacteroidia_Bacteroidales_Bacteroidaceae_Bacteroides_NA.310
35,Bacteria_Bacteroidota_Bacteroidia_Bacteroidales_Bacteroidaceae_Bacteroides_NA.311
36,Bacteria_Bacteroidota_Bacteroidia_Bacteroidales_Bacteroidaceae_Bacteroides_NA.320
37,Bacteria_Bacteroidota_Bacteroidia_Bacteroidales_Bacteroidaceae_Bacteroides_NA.330
38,Bacteria_Bacteroidota_Bacteroidia_Bacteroidales_Bacteroidaceae_Bacteroides_NA.331
39,Bacteria_Bacteroidota_Bacteroidia_Bacteroidales_Bacteroidaceae_Bacteroides_NA.339
40,Bacteria_Bacteroidota_Bacteroidia_Bacteroidales_Bacteroidaceae_Bacteroides_NA.342
41,Bacteria_Bacteroidota_Bacteroidia_Bacteroidales_Bacteroidaceae_Bacteroides_NA.343
42,Bacteria_Bacteroidota_Bacteroidia_Bacteroidales_Bacteroidaceae_Bacteroides_NA.353
43,Bacteria_Bacteroidota_Bacteroidia_Bacteroidales_Bacteroidaceae_Bacteroides_NA.356
44,Bacteria_Bacteroidota_Bacteroidia_Bacteroidales_Bacteroidaceae_Bacteroides_NA.359
45,Bacteria_Bacteroidota_Bacteroidia_Bacteroidales_Bacteroidaceae_Bacteroides_NA.366
46,Bacteria_Bacteroidota_Bacteroidia_Bacteroidales_Bacteroidaceae_Bacteroides_NA.37
47,Bacteria_Bacteroidota_Bacteroidia_Bacteroidales_Bacteroidaceae_Bacteroides_NA.372
48,Bacteria_Bacteroidota_Bacteroidia_Bacteroidales_Bacteroidaceae_Bacteroides_NA.374
49,Bacteria_Bacteroidota_Bacteroidia_Bacteroidales_Bacteroidaceae_Bacteroides_NA.383
50,Bacteria_Bacteroidota_Bacteroidia_Bacteroidales_Bacteroidaceae_Bacteroides_NA.396
51,Bacteria_Bacteroidota_Bacteroidia_Bacteroidales_Bacteroidaceae_Bacteroides_NA.398
52,Bacteria_Bacteroidota_Bacteroidia_Bacteroidales_Bacteroidaceae_Bacteroides_nordii.1
53,Bacteria_Bacteroidota_Bacteroidia_Bacteroidales_Bacteroidaceae_Bacteroides_ovatus.1
54,Bacteria_Bacteroidota_Bacteroidia_Bacteroidales_Bacteroidaceae_Bacteroides_ovatus.2
55,Bacteria_Bacteroidota_Bacteroidia_Bacteroidales_Bacteroidaceae_Bacteroides_plebeius.1
56,Bacteria_Bacteroidota_Bacteroidia_Bacteroidales_Bacteroidaceae_Bacteroides_plebeius.2
57,Bacteria_Bacteroidota_Bacteroidia_Bacteroidales_Bacteroidaceae_Bacteroides_salyersiae.1
58,Bacteria_Bacteroidota_Bacteroidia_Bacteroidales_Bacteroidaceae_Bacteroides_stercoris.1
59,Bacteria_Bacteroidota_Bacteroidia_Bacteroidales_Bacteroidaceae_Bacteroides_thetaiotaomicron.1
60,Bacteria_Bacteroidota_Bacteroidia_Bacteroidales_Bacteroidaceae_Bacteroides_uniformis.1
61,Bacteria_Bacteroidota_Bacteroidia_Bacteroidales_Bacteroidaceae_Bacteroides_uniformis.2
62,Bacteria_Bacteroidota_Bacteroidia_Bacteroidales_Bacteroidaceae_Bacteroides_uniformis.3
63,Bacteria_Bacteroidota_Bacteroidia_Bacteroidales_Bacteroidaceae_Bacteroides_uniformis.5
64,Bacteria_Bacteroidota_Bacteroidia_Bacteroidales_Bacteroidaceae_Bacteroides_vulgatus.1
65,Bacteria_Bacteroidota_Bacteroidia_Bacteroidales_Bacteroidaceae_Bacteroides_vulgatus.2
66,Bacteria_Bacteroidota_Bacteroidia_Bacteroidales_Bacteroidaceae_Bacteroides_vulgatus.4
67,Bacteria_Bacteroidota_Bacteroidia_Bacteroidales_Bacteroidaceae_Bacteroides_vulgatus.5
68,Bacteria_Bacteroidota_Bacteroidia_Bacteroidales_Barnesiellaceae_Barnesiella_intestinihominis.2
69,Bacteria_Bacteroidota_Bacteroidia_Bacteroidales_Barnesiellaceae_Barnesiella_NA.1
70,Bacteria_Bacteroidota_Bacteroidia_Bacteroidales_Barnesiellaceae_Barnesiella_NA.11
71,Bacteria_Bacteroidota_Bacteroidia_Bacteroidales_Barnesiellaceae_Barnesiella_NA.22
72,Bacteria_Bacteroidota_Bacteroidia_Bacteroidales_Barnesiellaceae_Barnesiella_NA.23
73,Bacteria_Bacteroidota_Bacteroidia_Bacteroidales_Barnesiellaceae_Barnesiella_NA.31
74,Bacteria_Bacteroidota_Bacteroidia_Bacteroidales_Barnesiellaceae_Barnesiella_NA.33
75,Bacteria_Bacteroidota_Bacteroidia_Bacteroidales_Barnesiellaceae_Barnesiella_NA.40
76,Bacteria_Bacteroidota_Bacteroidia_Bacteroidales_Barnesiellaceae_Barnesiella_NA.44
77,Bacteria_Bacteroidota_Bacteroidia_Bacteroidales_Barnesiellaceae_Barnesiella_NA.57
78,Bacteria_Bacteroidota_Bacteroidia_Bacteroidales_Barnesiellaceae_Barnesiella_NA.6
79,Bacteria_Bacteroidota_Bacteroidia_Bacteroidales_Barnesiellaceae_Barnesiella_NA.7
80,Bacteria_Bacteroidota_Bacteroidia_Bacteroidales_Barnesiellaceae_Coprobacter_NA.10
81,Bacteria_Bacteroidota_Bacteroidia_Bacteroidales_Marinifilaceae_Butyricimonas_NA.31
82,Bacteria_Bacteroidota_Bacteroidia_Bacteroidales_Marinifilaceae_Butyricimonas_virosa.2
83,Bacteria_Bacteroidota_Bacteroidia_Bacteroidales_Marinifilaceae_Odoribacter_splanchnicus.1
84,Bacteria_Bacteroidota_Bacteroidia_Bacteroidales_Marinifilaceae_Odoribacter_splanchnicus.3
85,Bacteria_Bacteroidota_Bacteroidia_Bacteroidales_Muribaculaceae_CAG-873_NA.3
86,Bacteria_Bacteroidota_Bacteroidia_Bacteroidales_Muribaculaceae_NA_NA.137
87,Bacteria_Bacteroidota_Bacteroidia_Bacteroidales_Muribaculaceae_NA_NA.15
88,Bacteria_Bacteroidota_Bacteroidia_Bacteroidales_Muribaculaceae_NA_NA.3
89,Bacteria_Bacteroidota_Bacteroidia_Bacteroidales_NA_NA_NA.4
90,Bacteria_Bacteroidota_Bacteroidia_Bacteroidales_Porphyromonadaceae_Porphyromonas_NA.1
91,Bacteria_Bacteroidota_Bacteroidia_Bacteroidales_Porphyromonadaceae_Porphyromonas_NA.22
92,Bacteria_Bacteroidota_Bacteroidia_Bacteroidales_Porphyromonadaceae_Porphyromonas_NA.30
93,Bacteria_Bacteroidota_Bacteroidia_Bacteroidales_Porphyromonadaceae_Porphyromonas_NA.34
94,Bacteria_Bacteroidota_Bacteroidia_Bacteroidales_Prevotellaceae_Alloprevotella_NA.39
95,Bacteria_Bacteroidota_Bacteroidia_Bacteroidales_Prevotellaceae_Paraprevotella_NA.1
96,Bacteria_Bacteroidota_Bacteroidia_Bacteroidales_Prevotellaceae_Paraprevotella_NA.11
97,Bacteria_Bacteroidota_Bacteroidia_Bacteroidales_Prevotellaceae_Paraprevotella_NA.9
98,Bacteria_Bacteroidota_Bacteroidia_Bacteroidales_Prevotellaceae_Prevotella_7_NA.11
99,Bacteria_Bacteroidota_Bacteroidia_Bacteroidales_Prevotellaceae_Prevotella_7_NA.18
100,Bacteria_Bacteroidota_Bacteroidia_Bacteroidales_Prevotellaceae_Prevotella_7_NA.8
101,Bacteria_Bacteroidota_Bacteroidia_Bacteroidales_Prevotellaceae_Prevotella_9_copri.2
102,Bacteria_Bacteroidota_Bacteroidia_Bacteroidales_Prevotellaceae_Prevotella_9_copri.3
103,Bacteria_Bacteroidota_Bacteroidia_Bacteroidales_Prevotellaceae_Prevotella_9_NA.108
104,Bacteria_Bacteroidota_Bacteroidia_Bacteroidales_Prevotellaceae_Prevotella_9_NA.109
105,Bacteria_Bacteroidota_Bacteroidia_Bacteroidales_Prevotellaceae_Prevotella_9_NA.113
106,Bacteria_Bacteroidota_Bacteroidia_Bacteroidales_Prevotellaceae_Prevotella_9_NA.134
107,Bacteria_Bacteroidota_Bacteroidia_Bacteroidales_Prevotellaceae_Prevotella_9_NA.136
108,Bacteria_Bacteroidota_Bacteroidia_Bacteroidales_Prevotellaceae_Prevotella_9_NA.54
109,Bacteria_Bacteroidota_Bacteroidia_Bacteroidales_Prevotellaceae_Prevotella_9_NA.66
110,Bacteria_Bacteroidota_Bacteroidia_Bacteroidales_Prevotellaceae_Prevotella_9_NA.69
111,Bacteria_Bacteroidota_Bacteroidia_Bacteroidales_Prevotellaceae_Prevotella_9_NA.75
112,Bacteria_Bacteroidota_Bacteroidia_Bacteroidales_Prevotellaceae_Prevotella_9_NA.78
113,Bacteria_Bacteroidota_Bacteroidia_Bacteroidales_Prevotellaceae_Prevotella_9_NA.88
114,Bacteria_Bacteroidota_Bacteroidia_Bacteroidales_Prevotellaceae_Prevotella_intermedia.3
115,Bacteria_Bacteroidota_Bacteroidia_Bacteroidales_Prevotellaceae_Prevotellaceae_NK3B31_group_NA.14
116,Bacteria_Bacteroidota_Bacteroidia_Bacteroidales_Prevotellaceae_Prevotellaceae_NK3B31_group_NA.2
117,Bacteria_Bacteroidota_Bacteroidia_Bacteroidales_Rikenellaceae_Alistipes_finegoldii.1
118,Bacteria_Bacteroidota_Bacteroidia_Bacteroidales_Rikenellaceae_Alistipes_finegoldii.2
119,Bacteria_Bacteroidota_Bacteroidia_Bacteroidales_Rikenellaceae_Alistipes_inops.1
120,Bacteria_Bacteroidota_Bacteroidia_Bacteroidales_Rikenellaceae_Alistipes_NA.28
121,Bacteria_Bacteroidota_Bacteroidia_Bacteroidales_Rikenellaceae_Alistipes_NA.34
122,Bacteria_Bacteroidota_Bacteroidia_Bacteroidales_Rikenellaceae_Alistipes_NA.40
123,Bacteria_Bacteroidota_Bacteroidia_Bacteroidales_Rikenellaceae_Alistipes_NA.47
124,Bacteria_Bacteroidota_Bacteroidia_Bacteroidales_Rikenellaceae_Alistipes_obesi.1
125,Bacteria_Bacteroidota_Bacteroidia_Bacteroidales_Rikenellaceae_Alistipes_putredinis.1
126,Bacteria_Bacteroidota_Bacteroidia_Bacteroidales_Rikenellaceae_Alistipes_senegalensis.1
127,Bacteria_Bacteroidota_Bacteroidia_Bacteroidales_Rikenellaceae_Alistipes_shahii.2
128,Bacteria_Bacteroidota_Bacteroidia_Bacteroidales_Rikenellaceae_Rikenellaceae_RC9_gut_group_NA.31
129,Bacteria_Bacteroidota_Bacteroidia_Bacteroidales_Rikenellaceae_Rikenellaceae_RC9_gut_group_NA.34
130,Bacteria_Bacteroidota_Bacteroidia_Bacteroidales_Rikenellaceae_Rikenellaceae_RC9_gut_group_NA.44
131,Bacteria_Bacteroidota_Bacteroidia_Bacteroidales_Rikenellaceae_Rikenellaceae_RC9_gut_group_NA.48
132,Bacteria_Bacteroidota_Bacteroidia_Bacteroidales_Rikenellaceae_Rikenellaceae_RC9_gut_group_NA.51
133,Bacteria_Bacteroidota_Bacteroidia_Bacteroidales_Tannerellaceae_NA_NA.1
134,Bacteria_Bacteroidota_Bacteroidia_Bacteroidales_Tannerellaceae_Parabacteroides_distasonis.1
135,Bacteria_Bacteroidota_Bacteroidia_Bacteroidales_Tannerellaceae_Parabacteroides_distasonis.10
136,Bacteria_Bacteroidota_Bacteroidia_Bacteroidales_Tannerellaceae_Parabacteroides_distasonis.3
137,Bacteria_Bacteroidota_Bacteroidia_Bacteroidales_Tannerellaceae_Parabacteroides_distasonis.6
138,Bacteria_Bacteroidota_Bacteroidia_Bacteroidales_Tannerellaceae_Parabacteroides_distasonis.7
139,Bacteria_Bacteroidota_Bacteroidia_Bacteroidales_Tannerellaceae_Parabacteroides_distasonis.9
140,Bacteria_Bacteroidota_Bacteroidia_Bacteroidales_Tannerellaceae_Parabacteroides_merdae.1
141,Bacteria_Cyanobacteria_Vampirivibrionia_Gastranaerophilales_NA_NA_NA.2
142,Bacteria_Firmicutes_Bacilli_Acholeplasmatales_Acholeplasmataceae_Anaeroplasma_NA.1
143,Bacteria_Firmicutes_Clostridia_Christensenellales_Christensenellaceae_Christensenellaceae_R-7_group_NA.10
144,Bacteria_Firmicutes_Clostridia_Christensenellales_Christensenellaceae_Christensenellaceae_R-7_group_NA.104
145,Bacteria_Firmicutes_Clostridia_Christensenellales_Christensenellaceae_Christensenellaceae_R-7_group_NA.113
146,Bacteria_Firmicutes_Clostridia_Christensenellales_Christensenellaceae_Christensenellaceae_R-7_group_NA.119
147,Bacteria_Firmicutes_Clostridia_Christensenellales_Christensenellaceae_Christensenellaceae_R-7_group_NA.128
148,Bacteria_Firmicutes_Clostridia_Christensenellales_Christensenellaceae_Christensenellaceae_R-7_group_NA.131
149,Bacteria_Firmicutes_Clostridia_Christensenellales_Christensenellaceae_Christensenellaceae_R-7_group_NA.141
150,Bacteria_Firmicutes_Clostridia_Christensenellales_Christensenellaceae_Christensenellaceae_R-7_group_NA.154
151,Bacteria_Firmicutes_Clostridia_Christensenellales_Christensenellaceae_Christensenellaceae_R-7_group_NA.165
152,Bacteria_Firmicutes_Clostridia_Christensenellales_Christensenellaceae_Christensenellaceae_R-7_group_NA.18
153,Bacteria_Firmicutes_Clostridia_Christensenellales_Christensenellaceae_Christensenellaceae_R-7_group_NA.2
154,Bacteria_Firmicutes_Clostridia_Christensenellales_Christensenellaceae_Christensenellaceae_R-7_group_NA.34
155,Bacteria_Firmicutes_Clostridia_Christensenellales_Christensenellaceae_Christensenellaceae_R-7_group_NA.43
156,Bacteria_Firmicutes_Clostridia_Christensenellales_Christensenellaceae_Christensenellaceae_R-7_group_NA.63
157,Bacteria_Firmicutes_Clostridia_Christensenellales_Christensenellaceae_Christensenellaceae_R-7_group_NA.76
158,Bacteria_Firmicutes_Clostridia_Christensenellales_Christensenellaceae_Christensenellaceae_R-7_group_NA.96
159,Bacteria_Firmicutes_Clostridia_Christensenellales_Christensenellaceae_Christensenellaceae_R-7_group_NA.97
160,Bacteria_Firmicutes_Clostridia_Christensenellales_Christensenellaceae_Christensenellaceae_R-7_group_NA.99
161,Bacteria_Firmicutes_Clostridia_Christensenellales_Christensenellaceae_NA_NA.2
162,Bacteria_Firmicutes_Clostridia_Clostridia_UCG-014_NA_NA_NA.103
163,Bacteria_Firmicutes_Clostridia_Clostridia_UCG-014_NA_NA_NA.116
164,Bacteria_Firmicutes_Clostridia_Clostridia_UCG-014_NA_NA_NA.118
165,Bacteria_Firmicutes_Clostridia_Clostridia_UCG-014_NA_NA_NA.15
166,Bacteria_Firmicutes_Clostridia_Clostridia_UCG-014_NA_NA_NA.22
167,Bacteria_Firmicutes_Clostridia_Clostridia_UCG-014_NA_NA_NA.28
168,Bacteria_Firmicutes_Clostridia_Clostridia_UCG-014_NA_NA_NA.30
169,Bacteria_Firmicutes_Clostridia_Clostridia_UCG-014_NA_NA_NA.46
170,Bacteria_Firmicutes_Clostridia_Clostridia_UCG-014_NA_NA_NA.51
171,Bacteria_Firmicutes_Clostridia_Clostridia_UCG-014_NA_NA_NA.53
172,Bacteria_Firmicutes_Clostridia_Clostridia_UCG-014_NA_NA_NA.6
173,Bacteria_Firmicutes_Clostridia_Clostridia_UCG-014_NA_NA_NA.79
174,Bacteria_Firmicutes_Clostridia_Clostridia_UCG-014_NA_NA_NA.9
175,Bacteria_Firmicutes_Clostridia_Clostridia_vadinBB60_group_NA_NA_NA.16
176,Bacteria_Firmicutes_Clostridia_Clostridia_vadinBB60_group_NA_NA_NA.20
177,Bacteria_Firmicutes_Clostridia_Clostridia_vadinBB60_group_NA_NA_NA.56
178,Bacteria_Firmicutes_Clostridia_Clostridia_vadinBB60_group_NA_NA_NA.61
179,Bacteria_Firmicutes_Clostridia_Clostridia_vadinBB60_group_NA_NA_NA.82
180,Bacteria_Firmicutes_Clostridia_Clostridia_vadinBB60_group_NA_NA_NA.9
181,Bacteria_Firmicutes_Clostridia_Clostridiales_Clostridiaceae_Clostridium_sensu_stricto_1_NA.25
182,Bacteria_Firmicutes_Clostridia_Clostridiales_Clostridiaceae_Clostridium_sensu_stricto_1_NA.29
183,Bacteria_Firmicutes_Clostridia_Clostridiales_Clostridiaceae_Clostridium_sensu_stricto_1_paraputrificum.1
184,Bacteria_Firmicutes_Clostridia_Lachnospirales_Lachnospiraceae_Agathobacter_NA.120
185,Bacteria_Firmicutes_Clostridia_Lachnospirales_Lachnospiraceae_Agathobacter_NA.142
186,Bacteria_Firmicutes_Clostridia_Lachnospirales_Lachnospiraceae_Agathobacter_NA.87
187,Bacteria_Firmicutes_Clostridia_Lachnospirales_Lachnospiraceae_Agathobacter_NA.91
188,Bacteria_Firmicutes_Clostridia_Lachnospirales_Lachnospiraceae_Anaerostipes_hadrus.1
189,Bacteria_Firmicutes_Clostridia_Lachnospirales_Lachnospiraceae_Anaerostipes_hadrus.3
190,Bacteria_Firmicutes_Clostridia_Lachnospirales_Lachnospiraceae_Anaerostipes_NA.18
191,Bacteria_Firmicutes_Clostridia_Lachnospirales_Lachnospiraceae_Bacteroides_pectinophilus_group_NA.1
192,Bacteria_Firmicutes_Clostridia_Lachnospirales_Lachnospiraceae_Blautia_faecis.1
193,Bacteria_Firmicutes_Clostridia_Lachnospirales_Lachnospiraceae_Blautia_massiliensis.1
194,Bacteria_Firmicutes_Clostridia_Lachnospirales_Lachnospiraceae_Blautia_NA.18
195,Bacteria_Firmicutes_Clostridia_Lachnospirales_Lachnospiraceae_Blautia_NA.26
196,Bacteria_Firmicutes_Clostridia_Lachnospirales_Lachnospiraceae_Blautia_NA.51
197,Bacteria_Firmicutes_Clostridia_Lachnospirales_Lachnospiraceae_Blautia_NA.6
198,Bacteria_Firmicutes_Clostridia_Lachnospirales_Lachnospiraceae_Blautia_obeum.1
199,Bacteria_Firmicutes_Clostridia_Lachnospirales_Lachnospiraceae_Butyrivibrio_crossotus.1
200,Bacteria_Firmicutes_Clostridia_Lachnospirales_Lachnospiraceae_CAG-56_NA.6
201,Bacteria_Firmicutes_Clostridia_Lachnospirales_Lachnospiraceae_Coprococcus_catus.1
202,Bacteria_Firmicutes_Clostridia_Lachnospirales_Lachnospiraceae_Coprococcus_comes.1
203,Bacteria_Firmicutes_Clostridia_Lachnospirales_Lachnospiraceae_Coprococcus_eutactus.1
204,Bacteria_Firmicutes_Clostridia_Lachnospirales_Lachnospiraceae_Coprococcus_NA.8
205,Bacteria_Firmicutes_Clostridia_Lachnospirales_Lachnospiraceae_Dorea_formicigenerans.1
206,Bacteria_Firmicutes_Clostridia_Lachnospirales_Lachnospiraceae_Dorea_longicatena.1
207,Bacteria_Firmicutes_Clostridia_Lachnospirales_Lachnospiraceae_Dorea_NA.31
208,Bacteria_Firmicutes_Clostridia_Lachnospirales_Lachnospiraceae_Eisenbergiella_massiliensis.1
209,Bacteria_Firmicutes_Clostridia_Lachnospirales_Lachnospiraceae_Eisenbergiella_tayi.1
210,Bacteria_Firmicutes_Clostridia_Lachnospirales_Lachnospiraceae_Eubacterium_eligens_group_NA.13
211,Bacteria_Firmicutes_Clostridia_Lachnospirales_Lachnospiraceae_Eubacterium_eligens_group_NA.15
212,Bacteria_Firmicutes_Clostridia_Lachnospirales_Lachnospiraceae_Eubacterium_hallii_group_NA.10
213,Bacteria_Firmicutes_Clostridia_Lachnospirales_Lachnospiraceae_Eubacterium_hallii_group_NA.9
214,Bacteria_Firmicutes_Clostridia_Lachnospirales_Lachnospiraceae_Eubacterium_ruminantium_group_NA.2
215,Bacteria_Firmicutes_Clostridia_Lachnospirales_Lachnospiraceae_Frisingicoccus_NA.1
216,Bacteria_Firmicutes_Clostridia_Lachnospirales_Lachnospiraceae_Fusicatenibacter_saccharivorans.1
217,Bacteria_Firmicutes_Clostridia_Lachnospirales_Lachnospiraceae_Hungatella_hathewayi.2
218,Bacteria_Firmicutes_Clostridia_Lachnospirales_Lachnospiraceae_Lachnoclostridium_edouardi.1
219,Bacteria_Firmicutes_Clostridia_Lachnospirales_Lachnospiraceae_Lachnoclostridium_NA.100
220,Bacteria_Firmicutes_Clostridia_Lachnospirales_Lachnospiraceae_Lachnoclostridium_NA.102
221,Bacteria_Firmicutes_Clostridia_Lachnospirales_Lachnospiraceae_Lachnoclostridium_NA.53
222,Bacteria_Firmicutes_Clostridia_Lachnospirales_Lachnospiraceae_Lachnoclostridium_NA.64
223,Bacteria_Firmicutes_Clostridia_Lachnospirales_Lachnospiraceae_Lachnoclostridium_NA.66
224,Bacteria_Firmicutes_Clostridia_Lachnospirales_Lachnospiraceae_Lachnoclostridium_NA.68
225,Bacteria_Firmicutes_Clostridia_Lachnospirales_Lachnospiraceae_Lachnoclostridium_NA.83
226,Bacteria_Firmicutes_Clostridia_Lachnospirales_Lachnospiraceae_Lachnoclostridium_NA.88
227,Bacteria_Firmicutes_Clostridia_Lachnospirales_Lachnospiraceae_Lachnoclostridium_NA.92
228,Bacteria_Firmicutes_Clostridia_Lachnospirales_Lachnospiraceae_Lachnoclostridium_NA.98
229,Bacteria_Firmicutes_Clostridia_Lachnospirales_Lachnospiraceae_Lachnospira_NA.19
230,Bacteria_Firmicutes_Clostridia_Lachnospirales_Lachnospiraceae_Lachnospira_pectinoschiza.1
231,Bacteria_Firmicutes_Clostridia_Lachnospirales_Lachnospiraceae_Lachnospira_pectinoschiza.2
232,Bacteria_Firmicutes_Clostridia_Lachnospirales_Lachnospiraceae_Lachnospiraceae_ND3007_group_NA.9
233,Bacteria_Firmicutes_Clostridia_Lachnospirales_Lachnospiraceae_Lachnospiraceae_NK4A136_group_bacterium.1
234,Bacteria_Firmicutes_Clostridia_Lachnospirales_Lachnospiraceae_Lachnospiraceae_NK4A136_group_NA.1
235,Bacteria_Firmicutes_Clostridia_Lachnospirales_Lachnospiraceae_Lachnospiraceae_NK4A136_group_NA.10
236,Bacteria_Firmicutes_Clostridia_Lachnospirales_Lachnospiraceae_Lachnospiraceae_NK4A136_group_NA.20
237,Bacteria_Firmicutes_Clostridia_Lachnospirales_Lachnospiraceae_Lachnospiraceae_NK4A136_group_NA.48
238,Bacteria_Firmicutes_Clostridia_Lachnospirales_Lachnospiraceae_Lachnospiraceae_NK4A136_group_NA.52
239,Bacteria_Firmicutes_Clostridia_Lachnospirales_Lachnospiraceae_Lachnospiraceae_UCG-003_NA.9
240,Bacteria_Firmicutes_Clostridia_Lachnospirales_Lachnospiraceae_Lachnospiraceae_UCG-004_NA.20
241,Bacteria_Firmicutes_Clostridia_Lachnospirales_Lachnospiraceae_Lachnospiraceae_UCG-004_NA.7
242,Bacteria_Firmicutes_Clostridia_Lachnospirales_Lachnospiraceae_Lachnospiraceae_UCG-010_NA.16
243,Bacteria_Firmicutes_Clostridia_Lachnospirales_Lachnospiraceae_Lachnospiraceae_UCG-010_NA.4
244,Bacteria_Firmicutes_Clostridia_Lachnospirales_Lachnospiraceae_NA_NA.31
245,Bacteria_Firmicutes_Clostridia_Lachnospirales_Lachnospiraceae_NA_NA.32
246,Bacteria_Firmicutes_Clostridia_Lachnospirales_Lachnospiraceae_NA_NA.43
247,Bacteria_Firmicutes_Clostridia_Lachnospirales_Lachnospiraceae_NA_NA.44
248,Bacteria_Firmicutes_Clostridia_Lachnospirales_Lachnospiraceae_NA_NA.59
249,Bacteria_Firmicutes_Clostridia_Lachnospirales_Lachnospiraceae_NA_NA.77
250,Bacteria_Firmicutes_Clostridia_Lachnospirales_Lachnospiraceae_Roseburia_hominis.1
251,Bacteria_Firmicutes_Clostridia_Lachnospirales_Lachnospiraceae_Roseburia_intestinalis.1
252,Bacteria_Firmicutes_Clostridia_Lachnospirales_Lachnospiraceae_Roseburia_inulinivorans.1
253,Bacteria_Firmicutes_Clostridia_Lachnospirales_Lachnospiraceae_Roseburia_NA.19
254,Bacteria_Firmicutes_Clostridia_Lachnospirales_Lachnospiraceae_Roseburia_NA.20
255,Bacteria_Firmicutes_Clostridia_Lachnospirales_Lachnospiraceae_Roseburia_NA.4
256,Bacteria_Firmicutes_Clostridia_Lachnospirales_Lachnospiraceae_Ruminococcus_gauvreauii_group_NA.5
257,Bacteria_Firmicutes_Clostridia_Lachnospirales_Lachnospiraceae_Ruminococcus_gnavus_group_NA.10
258,Bacteria_Firmicutes_Clostridia_Lachnospirales_Lachnospiraceae_Ruminococcus_torques_group_NA.19
259,Bacteria_Firmicutes_Clostridia_Lachnospirales_Lachnospiraceae_Ruminococcus_torques_group_NA.24
260,Bacteria_Firmicutes_Clostridia_Lachnospirales_Lachnospiraceae_Ruminococcus_torques_group_NA.27
261,Bacteria_Firmicutes_Clostridia_Lachnospirales_Lachnospiraceae_Ruminococcus_torques_group_NA.29
262,Bacteria_Firmicutes_Clostridia_Lachnospirales_Lachnospiraceae_Sellimonas_intestinalis.1
263,Bacteria_Firmicutes_Clostridia_Monoglobales_Monoglobaceae_Monoglobus_NA.5
264,Bacteria_Firmicutes_Clostridia_Oscillospirales_Butyricicoccaceae_Butyricicoccus_NA.11
265,Bacteria_Firmicutes_Clostridia_Oscillospirales_Butyricicoccaceae_Butyricicoccus_NA.13
266,Bacteria_Firmicutes_Clostridia_Oscillospirales_Butyricicoccaceae_Butyricicoccus_NA.25
267,Bacteria_Firmicutes_Clostridia_Oscillospirales_Eubacterium_coprostanoligenes_group_NA_NA.10
268,Bacteria_Firmicutes_Clostridia_Oscillospirales_Eubacterium_coprostanoligenes_group_NA_NA.15
269,Bacteria_Firmicutes_Clostridia_Oscillospirales_Eubacterium_coprostanoligenes_group_NA_NA.17
270,Bacteria_Firmicutes_Clostridia_Oscillospirales_Eubacterium_coprostanoligenes_group_NA_NA.37
271,Bacteria_Firmicutes_Clostridia_Oscillospirales_Eubacterium_coprostanoligenes_group_NA_NA.48
272,Bacteria_Firmicutes_Clostridia_Oscillospirales_Eubacterium_coprostanoligenes_group_NA_NA.49
273,Bacteria_Firmicutes_Clostridia_Oscillospirales_Eubacterium_coprostanoligenes_group_NA_NA.55
274,Bacteria_Firmicutes_Clostridia_Oscillospirales_Oscillospiraceae_Colidextribacter_NA.10
275,Bacteria_Firmicutes_Clostridia_Oscillospirales_Oscillospiraceae_Colidextribacter_NA.14
276,Bacteria_Firmicutes_Clostridia_Oscillospirales_Oscillospiraceae_Colidextribacter_NA.17
277,Bacteria_Firmicutes_Clostridia_Oscillospirales_Oscillospiraceae_Flavonifractor_plautii.1
278,Bacteria_Firmicutes_Clostridia_Oscillospirales_Oscillospiraceae_Flavonifractor_plautii.2
279,Bacteria_Firmicutes_Clostridia_Oscillospirales_Oscillospiraceae_Intestinimonas_NA.16
280,Bacteria_Firmicutes_Clostridia_Oscillospirales_Oscillospiraceae_Intestinimonas_NA.7
281,Bacteria_Firmicutes_Clostridia_Oscillospirales_Oscillospiraceae_NA_NA.16
282,Bacteria_Firmicutes_Clostridia_Oscillospirales_Oscillospiraceae_NK4A214_group_NA.14
283,Bacteria_Firmicutes_Clostridia_Oscillospirales_Oscillospiraceae_NK4A214_group_NA.18
284,Bacteria_Firmicutes_Clostridia_Oscillospirales_Oscillospiraceae_NK4A214_group_NA.21
285,Bacteria_Firmicutes_Clostridia_Oscillospirales_Oscillospiraceae_NK4A214_group_NA.25
286,Bacteria_Firmicutes_Clostridia_Oscillospirales_Oscillospiraceae_NK4A214_group_NA.35
287,Bacteria_Firmicutes_Clostridia_Oscillospirales_Oscillospiraceae_NK4A214_group_NA.47
288,Bacteria_Firmicutes_Clostridia_Oscillospirales_Oscillospiraceae_NK4A214_group_NA.48
289,Bacteria_Firmicutes_Clostridia_Oscillospirales_Oscillospiraceae_Oscillibacter_NA.3
290,Bacteria_Firmicutes_Clostridia_Oscillospirales_Oscillospiraceae_UCG-002_NA.11
291,Bacteria_Firmicutes_Clostridia_Oscillospirales_Oscillospiraceae_UCG-002_NA.13
292,Bacteria_Firmicutes_Clostridia_Oscillospirales_Oscillospiraceae_UCG-002_NA.17
293,Bacteria_Firmicutes_Clostridia_Oscillospirales_Oscillospiraceae_UCG-002_NA.2
294,Bacteria_Firmicutes_Clostridia_Oscillospirales_Oscillospiraceae_UCG-002_NA.25
295,Bacteria_Firmicutes_Clostridia_Oscillospirales_Oscillospiraceae_UCG-002_NA.30
296,Bacteria_Firmicutes_Clostridia_Oscillospirales_Oscillospiraceae_UCG-002_NA.31
297,Bacteria_Firmicutes_Clostridia_Oscillospirales_Oscillospiraceae_UCG-002_NA.36
298,Bacteria_Firmicutes_Clostridia_Oscillospirales_Oscillospiraceae_UCG-002_NA.37
299,Bacteria_Firmicutes_Clostridia_Oscillospirales_Oscillospiraceae_UCG-002_NA.38
300,Bacteria_Firmicutes_Clostridia_Oscillospirales_Oscillospiraceae_UCG-002_NA.55
301,Bacteria_Firmicutes_Clostridia_Oscillospirales_Oscillospiraceae_UCG-002_NA.61
302,Bacteria_Firmicutes_Clostridia_Oscillospirales_Oscillospiraceae_UCG-002_NA.62
303,Bacteria_Firmicutes_Clostridia_Oscillospirales_Oscillospiraceae_UCG-002_NA.64
304,Bacteria_Firmicutes_Clostridia_Oscillospirales_Oscillospiraceae_UCG-003_NA.5
305,Bacteria_Firmicutes_Clostridia_Oscillospirales_Oscillospiraceae_UCG-003_NA.8
306,Bacteria_Firmicutes_Clostridia_Oscillospirales_Oscillospiraceae_UCG-005_NA.22
307,Bacteria_Firmicutes_Clostridia_Oscillospirales_Oscillospiraceae_UCG-005_NA.33
308,Bacteria_Firmicutes_Clostridia_Oscillospirales_Oscillospiraceae_UCG-005_NA.37
309,Bacteria_Firmicutes_Clostridia_Oscillospirales_Oscillospiraceae_UCG-005_NA.39
310,Bacteria_Firmicutes_Clostridia_Oscillospirales_Oscillospiraceae_UCG-005_NA.40
311,Bacteria_Firmicutes_Clostridia_Oscillospirales_Oscillospiraceae_UCG-005_NA.41
312,Bacteria_Firmicutes_Clostridia_Oscillospirales_Oscillospiraceae_UCG-005_NA.62
313,Bacteria_Firmicutes_Clostridia_Oscillospirales_Ruminococcaceae_CAG-352_NA.5
314,Bacteria_Firmicutes_Clostridia_Oscillospirales_Ruminococcaceae_CAG-352_NA.6
315,Bacteria_Firmicutes_Clostridia_Oscillospirales_Ruminococcaceae_CAG-352_NA.8
316,Bacteria_Firmicutes_Clostridia_Oscillospirales_Ruminococcaceae_Eubacterium_siraeum_group_NA.12
317,Bacteria_Firmicutes_Clostridia_Oscillospirales_Ruminococcaceae_Eubacterium_siraeum_group_NA.13
318,Bacteria_Firmicutes_Clostridia_Oscillospirales_Ruminococcaceae_Eubacterium_siraeum_group_NA.14
319,Bacteria_Firmicutes_Clostridia_Oscillospirales_Ruminococcaceae_Eubacterium_siraeum_group_NA.15
320,Bacteria_Firmicutes_Clostridia_Oscillospirales_Ruminococcaceae_Faecalibacterium_NA.13
321,Bacteria_Firmicutes_Clostridia_Oscillospirales_Ruminococcaceae_Faecalibacterium_NA.8
322,Bacteria_Firmicutes_Clostridia_Oscillospirales_Ruminococcaceae_Faecalibacterium_prausnitzii.1
323,Bacteria_Firmicutes_Clostridia_Oscillospirales_Ruminococcaceae_Faecalibacterium_prausnitzii.2
324,Bacteria_Firmicutes_Clostridia_Oscillospirales_Ruminococcaceae_Faecalibacterium_prausnitzii.3
325,Bacteria_Firmicutes_Clostridia_Oscillospirales_Ruminococcaceae_Faecalibacterium_prausnitzii.4
326,Bacteria_Firmicutes_Clostridia_Oscillospirales_Ruminococcaceae_Faecalibacterium_prausnitzii.5
327,Bacteria_Firmicutes_Clostridia_Oscillospirales_Ruminococcaceae_Faecalibacterium_prausnitzii.6
328,Bacteria_Firmicutes_Clostridia_Oscillospirales_Ruminococcaceae_Incertae_Sedis_NA.20
329,Bacteria_Firmicutes_Clostridia_Oscillospirales_Ruminococcaceae_Incertae_Sedis_NA.23
330,Bacteria_Firmicutes_Clostridia_Oscillospirales_Ruminococcaceae_NA_NA.13
331,Bacteria_Firmicutes_Clostridia_Oscillospirales_Ruminococcaceae_NA_NA.38
332,Bacteria_Firmicutes_Clostridia_Oscillospirales_Ruminococcaceae_NA_NA.68
333,Bacteria_Firmicutes_Clostridia_Oscillospirales_Ruminococcaceae_Ruminococcus_bicirculans.1
334,Bacteria_Firmicutes_Clostridia_Oscillospirales_Ruminococcaceae_Ruminococcus_bromii.1
335,Bacteria_Firmicutes_Clostridia_Oscillospirales_Ruminococcaceae_Ruminococcus_bromii.2
336,Bacteria_Firmicutes_Clostridia_Oscillospirales_Ruminococcaceae_Ruminococcus_champanellensis.2
337,Bacteria_Firmicutes_Clostridia_Oscillospirales_Ruminococcaceae_Ruminococcus_NA.10
338,Bacteria_Firmicutes_Clostridia_Oscillospirales_Ruminococcaceae_Ruminococcus_NA.13
339,Bacteria_Firmicutes_Clostridia_Oscillospirales_Ruminococcaceae_Ruminococcus_NA.18
340,Bacteria_Firmicutes_Clostridia_Oscillospirales_Ruminococcaceae_Ruminococcus_NA.26
341,Bacteria_Firmicutes_Clostridia_Oscillospirales_Ruminococcaceae_Subdoligranulum_NA.18
342,Bacteria_Firmicutes_Clostridia_Oscillospirales_Ruminococcaceae_Subdoligranulum_NA.60
343,Bacteria_Firmicutes_Clostridia_Oscillospirales_Ruminococcaceae_UBA1819_NA.4
344,Bacteria_Firmicutes_Clostridia_Oscillospirales_UCG-010_NA_NA.18
345,Bacteria_Firmicutes_Clostridia_Oscillospirales_UCG-010_NA_NA.51
346,Bacteria_Firmicutes_Clostridia_Oscillospirales_UCG-010_NA_NA.66
347,Bacteria_Firmicutes_Clostridia_Oscillospirales_UCG-010_NA_NA.81
348,Bacteria_Firmicutes_Clostridia_Peptostreptococcales-Tissierellales_Anaerovoracaceae_Family_XIII_AD3011_group_NA.12
349,Bacteria_Firmicutes_Clostridia_Peptostreptococcales-Tissierellales_Anaerovoracaceae_Family_XIII_AD3011_group_NA.13
350,Bacteria_Firmicutes_Clostridia_Peptostreptococcales-Tissierellales_Anaerovoracaceae_Family_XIII_UCG-001_NA.1
351,Bacteria_Firmicutes_Clostridia_Peptostreptococcales-Tissierellales_Family_XI_Parvimonas_micra.1
352,Bacteria_Firmicutes_Clostridia_Peptostreptococcales-Tissierellales_Peptostreptococcaceae_Intestinibacter_bartlettii.1
353,Bacteria_Firmicutes_Clostridia_Peptostreptococcales-Tissierellales_Peptostreptococcaceae_Peptostreptococcus_stomatis.1
354,Bacteria_Firmicutes_Clostridia_Peptostreptococcales-Tissierellales_Peptostreptococcaceae_Romboutsia_NA.10
355,Bacteria_Firmicutes_Clostridia_Peptostreptococcales-Tissierellales_Peptostreptococcaceae_Romboutsia_sedimentorum.1
356,Bacteria_Fusobacteriota_Fusobacteriia_Fusobacteriales_Fusobacteriaceae_Fusobacterium_necrophorum.1
357,Bacteria_Proteobacteria_Alphaproteobacteria_Rhodospirillales_NA_NA_NA.13
358,Bacteria_Proteobacteria_Alphaproteobacteria_Rhodospirillales_NA_NA_NA.2
359,Bacteria_Proteobacteria_Alphaproteobacteria_Rhodospirillales_NA_NA_NA.4
360,Bacteria_Proteobacteria_Alphaproteobacteria_Rhodospirillales_NA_NA_NA.5
361,Bacteria_Proteobacteria_Alphaproteobacteria_Rhodospirillales_NA_NA_NA.6
362,Bacteria_Verrucomicrobiota_Verrucomicrobiae_Verrucomicrobiales_Akkermansiaceae_Akkermansia_muciniphila.1
363,Bacteria_Verrucomicrobiota_Verrucomicrobiae_Verrucomicrobiales_Akkermansiaceae_Akkermansia_muciniphila.2
364,Bacteria_Verrucomicrobiota_Verrucomicrobiae_Verrucomicrobiales_Akkermansiaceae_Akkermansia_NA.4
365,Bacteria_Verrucomicrobiota_Verrucomicrobiae_Verrucomicrobiales_Akkermansiaceae_Akkermansia_NA.5
