ASV,MannWU_stat,p_value,mean_cancer,mean_normal
Bacteria_Firmicutes_Clostridia_Lachnospirales_Lachnospiraceae_Roseburia_NA.4,12517.5,0.48982411415633814,304.28409090909093,431.3263157894737
Bacteria_Bacteroidota_Bacteroidia_Bacteroidales_Bacteroidaceae_Bacteroides_NA.311,12511.0,0.4868455898324681,266.5265151515151,287.17894736842106
Bacteria_Firmicutes_Clostridia_Oscillospirales_Oscillospiraceae_UCG-002_NA.17,12505.0,0.4835750395447608,141.4090909090909,139.68421052631578
Bacteria_Bacteroidota_Bacteroidia_Bacteroidales_Bacteroidaceae_Bacteroides_eggerthii.1,12501.5,0.47749270141173117,69.4469696969697,91.43157894736842
Bacteria_Firmicutes_Clostridia_Christensenellales_Christensenellaceae_NA_NA.2,12499.5,0.4694672142453954,21.359848484848484,18.08421052631579
Bacteria_Firmicutes_Clostridia_Clostridiales_Clostridiaceae_Clostridium_sensu_stricto_1_paraputrificum.1,12494.0,0.46367035755729896,64.93939393939394,16.557894736842105
Bacteria_Bacteroidota_Bacteroidia_Bacteroidales_Tannerellaceae_Parabacteroides_distasonis.10,12472.0,0.4603586034096524,46.571969696969695,40.04210526315789
Bacteria_Firmicutes_Clostridia_Lachnospirales_Lachnospiraceae_Anaerostipes_NA.18,12452.0,0.45713624911698775,53.753787878787875,74.89473684210526
Bacteria_Firmicutes_Clostridia_Oscillospirales_Ruminococcaceae_Eubacterium_siraeum_group_NA.15,12441.5,0.4550161214906523,360.3598484848485,307.9263157894737
Bacteria_Bacteroidota_Bacteroidia_Bacteroidales_NA_NA_NA.4,12476.5,0.45069392641903633,19.299242424242426,17.021052631578947
Bacteria_Firmicutes_Clostridia_Oscillospirales_Oscillospiraceae_UCG-002_NA.25,12424.0,0.4459157036530797,189.12878787878788,283.22105263157897
Bacteria_Bacteroidota_Bacteroidia_Bacteroidales_Prevotellaceae_Prevotella_9_NA.113,12461.5,0.44206550045807097,48.29545454545455,37.463157894736845
Bacteria_Firmicutes_Clostridia_Oscillospirales_Ruminococcaceae_Faecalibacterium_NA.13,12383.0,0.42841040249744616,1353.3522727272727,1243.7157894736843
Bacteria_Bacteroidota_Bacteroidia_Bacteroidales_Bacteroidaceae_Bacteroides_plebeius.2,12422.0,0.4232056326764514,105.47348484848484,48.589473684210525
Bacteria_Bacteroidota_Bacteroidia_Bacteroidales_Prevotellaceae_Prevotella_9_NA.75,12412.0,0.4224851077337365,124.30681818181819,122.4
Bacteria_Firmicutes_Clostridia_Christensenellales_Christensenellaceae_Christensenellaceae_R-7_group_NA.43,12416.0,0.421773702097731,25.738636363636363,31.294736842105262
Bacteria_Bacteroidota_Bacteroidia_Bacteroidales_Prevotellaceae_Prevotellaceae_NK3B31_group_NA.14,12437.0,0.4134182330605687,67.40151515151516,21.326315789473686
Bacteria_Firmicutes_Clostridia_Lachnospirales_Lachnospiraceae_Agathobacter_NA.120,12422.5,0.4073016078210637,24.367424242424242,14.115789473684211
Bacteria_Firmicutes_Clostridia_Oscillospirales_Oscillospiraceae_UCG-003_NA.5,12335.0,0.40658272647427274,130.2840909090909,148.7578947368421
Bacteria_Firmicutes_Clostridia_Christensenellales_Christensenellaceae_Christensenellaceae_R-7_group_NA.34,12384.5,0.4017081659799046,24.882575757575758,27.621052631578948
Bacteria_Firmicutes_Clostridia_Christensenellales_Christensenellaceae_Christensenellaceae_R-7_group_NA.18,12405.5,0.40036924485151004,15.340909090909092,18.273684210526316
Bacteria_Firmicutes_Clostridia_Lachnospirales_Lachnospiraceae_Lachnospiraceae_NK4A136_group_NA.10,12389.5,0.40015670751921845,27.992424242424242,26.694736842105264
Bacteria_Bacteroidota_Bacteroidia_Bacteroidales_Barnesiellaceae_Barnesiella_NA.1,12399.0,0.39803136044396564,52.246212121212125,41.873684210526314
Bacteria_Firmicutes_Clostridia_Christensenellales_Christensenellaceae_Christensenellaceae_R-7_group_NA.76,12416.5,0.39646302358960517,12.715909090909092,14.526315789473685
Bacteria_Bacteroidota_Bacteroidia_Bacteroidales_Bacteroidaceae_Bacteroides_NA.288,12396.5,0.3954733671446483,27.636363636363637,70.58947368421053
Bacteria_Actinobacteriota_Actinobacteria_Bifidobacteriales_Bifidobacteriaceae_Bifidobacterium_bifidum.1,12341.5,0.3791746157507754,60.208333333333336,54.92631578947368
Bacteria_Firmicutes_Clostridia_Lachnospirales_Lachnospiraceae_Eubacterium_eligens_group_NA.13,12263.5,0.37516853306589887,345.2121212121212,278.4526315789474
Bacteria_Bacteroidota_Bacteroidia_Bacteroidales_Prevotellaceae_Prevotella_9_NA.109,12297.0,0.3711636731451702,265.74242424242425,167.1578947368421
Bacteria_Bacteroidota_Bacteroidia_Bacteroidales_Prevotellaceae_Prevotella_9_copri.3,12377.0,0.3711210403275561,93.58712121212122,53.01052631578948
Bacteria_Firmicutes_Clostridia_Oscillospirales_UCG-010_NA_NA.81,12368.0,0.3702037146271505,11.590909090909092,18.757894736842104
Bacteria_Bacteroidota_Bacteroidia_Bacteroidales_Prevotellaceae_Prevotella_9_NA.78,12298.5,0.3693452542276181,205.78787878787878,406.2526315789474
Bacteria_Bacteroidota_Bacteroidia_Bacteroidales_Prevotellaceae_Prevotella_9_NA.66,12321.5,0.35891548379087734,87.50378787878788,131.68421052631578
Bacteria_Proteobacteria_Alphaproteobacteria_Rhodospirillales_NA_NA_NA.6,12327.0,0.3575975057994665,81.75,76.51578947368421
Bacteria_Firmicutes_Clostridia_Lachnospirales_Lachnospiraceae_Anaerostipes_hadrus.3,12308.0,0.3497860803134091,19.829545454545453,17.957894736842107
Bacteria_Bacteroidota_Bacteroidia_Bacteroidales_Bacteroidaceae_Bacteroides_NA.396,12301.5,0.3374685691275916,64.81060606060606,90.34736842105264
Bacteria_Firmicutes_Clostridia_Oscillospirales_Oscillospiraceae_Flavonifractor_plautii.2,12344.5,0.3290513831228775,11.011363636363637,6.052631578947368
Bacteria_Firmicutes_Clostridia_Clostridia_UCG-014_NA_NA_NA.103,12317.5,0.32660434801099475,13.924242424242424,15.31578947368421
Bacteria_Firmicutes_Clostridia_Lachnospirales_Lachnospiraceae_Hungatella_hathewayi.2,12314.5,0.3260145240402962,18.613636363636363,19.652631578947368
Bacteria_Firmicutes_Clostridia_Oscillospirales_Butyricicoccaceae_Butyricicoccus_NA.11,12293.5,0.31730862226989187,13.556818181818182,11.115789473684211
Bacteria_Bacteroidota_Bacteroidia_Bacteroidales_Rikenellaceae_Rikenellaceae_RC9_gut_group_NA.48,12150.0,0.313289061150527,449.67045454545456,575.5578947368421
Bacteria_Firmicutes_Clostridia_Lachnospirales_Lachnospiraceae_Anaerostipes_hadrus.1,12116.0,0.3126839067023191,202.4318181818182,189.25263157894736
Bacteria_Firmicutes_Clostridia_Oscillospirales_Ruminococcaceae_Incertae_Sedis_NA.20,12128.5,0.3124641831949164,78.28030303030303,76.18947368421053
Bacteria_Firmicutes_Clostridia_Lachnospirales_Lachnospiraceae_Agathobacter_NA.91,12294.0,0.31134826257049364,25.939393939393938,31.88421052631579
Bacteria_Firmicutes_Clostridia_Lachnospirales_Lachnospiraceae_Bacteroides_pectinophilus_group_NA.1,12310.0,0.31012418266465736,23.041666666666668,10.147368421052631
Bacteria_Bacteroidota_Bacteroidia_Bacteroidales_Tannerellaceae_Parabacteroides_distasonis.1,12154.5,0.2994756667258062,78.47727272727273,161.85263157894738
Bacteria_Firmicutes_Clostridia_Oscillospirales_Oscillospiraceae_UCG-005_NA.40,12252.5,0.2928603233548611,26.833333333333332,27.810526315789474
Bacteria_Cyanobacteria_Vampirivibrionia_Gastranaerophilales_NA_NA_NA.2,12173.0,0.29236705856867273,67.89772727272727,140.47368421052633
Bacteria_Firmicutes_Clostridia_Lachnospirales_Lachnospiraceae_Lachnoclostridium_NA.83,12224.5,0.28813198975668664,24.393939393939394,25.178947368421053
Bacteria_Firmicutes_Clostridia_Peptostreptococcales-Tissierellales_Anaerovoracaceae_Family_XIII_UCG-001_NA.1,12130.5,0.28719196261670055,28.227272727272727,30.705263157894738
Bacteria_Firmicutes_Clostridia_Lachnospirales_Lachnospiraceae_Ruminococcus_torques_group_NA.27,12035.5,0.280605160971132,615.3295454545455,632.6315789473684
Bacteria_Actinobacteriota_Coriobacteriia_Coriobacteriales_Eggerthellaceae_Slackia_isoflavoniconvertens.1,12167.0,0.27868087009888776,29.21590909090909,54.463157894736845
Bacteria_Bacteroidota_Bacteroidia_Bacteroidales_Muribaculaceae_NA_NA.15,12239.5,0.2775821309110877,92.13636363636364,73.51578947368421
Bacteria_Firmicutes_Clostridia_Oscillospirales_Ruminococcaceae_Eubacterium_siraeum_group_NA.13,12211.0,0.27725193971909845,24.617424242424242,31.54736842105263
Bacteria_Bacteroidota_Bacteroidia_Bacteroidales_Muribaculaceae_NA_NA.3,12226.5,0.274431435863948,86.41287878787878,27.6
Bacteria_Firmicutes_Clostridia_Oscillospirales_Ruminococcaceae_Faecalibacterium_prausnitzii.3,12016.5,0.2732724740456809,1666.3181818181818,1701.1473684210525
Bacteria_Firmicutes_Clostridia_Lachnospirales_Lachnospiraceae_Coprococcus_eutactus.1,11951.5,0.2469700568288392,192.02272727272728,227.07368421052632
Bacteria_Firmicutes_Clostridia_Lachnospirales_Lachnospiraceae_Blautia_massiliensis.1,11942.0,0.2454621903499264,283.28409090909093,358.42105263157896
Bacteria_Firmicutes_Clostridia_Christensenellales_Christensenellaceae_Christensenellaceae_R-7_group_NA.63,12148.0,0.24513918630785853,23.25378787878788,15.305263157894737
Bacteria_Firmicutes_Clostridia_Christensenellales_Christensenellaceae_Christensenellaceae_R-7_group_NA.119,11911.5,0.2344378930808969,249.6969696969697,302.36842105263156
Bacteria_Firmicutes_Clostridia_Lachnospirales_Lachnospiraceae_Lachnospiraceae_NK4A136_group_NA.48,11904.5,0.23167785288640486,130.0189393939394,126.01052631578948
Bacteria_Bacteroidota_Bacteroidia_Bacteroidales_Barnesiellaceae_Barnesiella_NA.57,12180.0,0.23118664761123298,32.003787878787875,32.63157894736842
Bacteria_Actinobacteriota_Coriobacteriia_Coriobacteriales_Eggerthellaceae_Senegalimassilia_NA.7,12044.0,0.23000377984414533,33.803030303030305,45.0
Bacteria_Firmicutes_Clostridia_Oscillospirales_Oscillospiraceae_UCG-002_NA.62,12125.5,0.22977116472198522,19.352272727272727,26.063157894736843
Bacteria_Firmicutes_Clostridia_Oscillospirales_Ruminococcaceae_CAG-352_NA.8,11899.5,0.22737575338093147,216.0189393939394,399.42105263157896
Bacteria_Bacteroidota_Bacteroidia_Bacteroidales_Tannerellaceae_Parabacteroides_distasonis.3,11912.5,0.22640132564962312,137.34848484848484,112.15789473684211
Bacteria_Firmicutes_Clostridia_Oscillospirales_Oscillospiraceae_NK4A214_group_NA.21,11992.5,0.22385508184550534,60.19318181818182,108.32631578947368
Bacteria_Bacteroidota_Bacteroidia_Bacteroidales_Rikenellaceae_Alistipes_finegoldii.2,11902.0,0.22366154293221568,119.7159090909091,140.55789473684212
Bacteria_Verrucomicrobiota_Verrucomicrobiae_Verrucomicrobiales_Akkermansiaceae_Akkermansia_NA.5,12073.0,0.22093846063591327,131.08712121212122,303.7578947368421
Bacteria_Firmicutes_Clostridia_Peptostreptococcales-Tissierellales_Peptostreptococcaceae_Intestinibacter_bartlettii.1,11844.0,0.21088444163121012,147.4848484848485,156.54736842105262
Bacteria_Firmicutes_Clostridia_Lachnospirales_Lachnospiraceae_Coprococcus_comes.1,11838.0,0.2093335091150485,360.67424242424244,435.90526315789475
Bacteria_Bacteroidota_Bacteroidia_Bacteroidales_Rikenellaceae_Rikenellaceae_RC9_gut_group_NA.44,12034.5,0.208676767893748,152.70454545454547,264.3578947368421
Bacteria_Actinobacteriota_Coriobacteriia_Coriobacteriales_Eggerthellaceae_NA_NA.2,11840.5,0.20843517787337174,136.1098484848485,155.34736842105264
Bacteria_Bacteroidota_Bacteroidia_Bacteroidales_Bacteroidaceae_Bacteroides_salyersiae.1,12091.5,0.2084324155707748,29.734848484848484,16.147368421052633
Bacteria_Bacteroidota_Bacteroidia_Bacteroidales_Marinifilaceae_Odoribacter_splanchnicus.1,11894.5,0.20678104471763187,44.68560606060606,50.21052631578947
Bacteria_Firmicutes_Clostridia_Lachnospirales_Lachnospiraceae_CAG-56_NA.6,11811.0,0.19968733302548453,138.95833333333334,146.21052631578948
Bacteria_Firmicutes_Clostridia_Lachnospirales_Lachnospiraceae_Lachnoclostridium_NA.92,11956.0,0.19731778005283956,32.06818181818182,46.357894736842105
Bacteria_Firmicutes_Clostridia_Lachnospirales_Lachnospiraceae_Lachnospiraceae_NK4A136_group_bacterium.1,11787.0,0.19282047906098693,307.8030303030303,344.8421052631579
Bacteria_Bacteroidota_Bacteroidia_Bacteroidales_Barnesiellaceae_Barnesiella_NA.33,12102.5,0.1882265530633458,29.75378787878788,36.45263157894737
Bacteria_Firmicutes_Clostridia_Oscillospirales_Ruminococcaceae_Ruminococcus_NA.18,11984.5,0.18756368351297115,43.26136363636363,178.81052631578947
Bacteria_Firmicutes_Clostridia_Oscillospirales_Ruminococcaceae_Faecalibacterium_NA.8,11769.0,0.18678692382610418,203.74242424242425,249.90526315789472
Bacteria_Bacteroidota_Bacteroidia_Bacteroidales_Barnesiellaceae_Barnesiella_NA.22,12034.0,0.1849077580344482,34.94318181818182,56.1578947368421
Bacteria_Bacteroidota_Bacteroidia_Bacteroidales_Barnesiellaceae_Barnesiella_NA.6,11869.0,0.17109679667726796,63.333333333333336,213.7578947368421
Bacteria_Bacteroidota_Bacteroidia_Bacteroidales_Bacteroidaceae_Bacteroides_NA.290,11728.5,0.1574300780141416,310.68560606060606,172.82105263157894
Bacteria_Bacteroidota_Bacteroidia_Bacteroidales_Bacteroidaceae_Bacteroides_massiliensis.2,11736.0,0.1545833383687359,120.53030303030303,128.10526315789474
Bacteria_Bacteroidota_Bacteroidia_Bacteroidales_Marinifilaceae_Butyricimonas_NA.31,12058.0,0.15205876985467925,12.420454545454545,17.94736842105263
Bacteria_Bacteroidota_Bacteroidia_Bacteroidales_Barnesiellaceae_Barnesiella_NA.11,11877.5,0.15183269543487976,67.36742424242425,151.07368421052632
Bacteria_Firmicutes_Clostridia_Oscillospirales_Ruminococcaceae_NA_NA.38,11971.5,0.15166064408191515,156.08333333333334,39.93684210526316
Bacteria_Bacteroidota_Bacteroidia_Bacteroidales_Barnesiellaceae_Barnesiella_NA.31,11882.0,0.15129318590609298,76.65530303030303,77.67368421052632
Bacteria_Firmicutes_Clostridia_Oscillospirales_Ruminococcaceae_Subdoligranulum_NA.60,11635.0,0.14852914484850882,876.2765151515151,848.6842105263158
Bacteria_Firmicutes_Clostridia_Oscillospirales_Oscillospiraceae_Colidextribacter_NA.10,11822.0,0.14590527428695138,22.50378787878788,27.778947368421054
Bacteria_Bacteroidota_Bacteroidia_Bacteroidales_Bacteroidaceae_Bacteroides_caccae.2,11605.5,0.13888035342365657,218.6590909090909,228.8736842105263
Bacteria_Firmicutes_Clostridia_Clostridiales_Clostridiaceae_Clostridium_sensu_stricto_1_NA.25,11753.0,0.13748875260230264,38.40909090909091,39.63157894736842
Bacteria_Firmicutes_Clostridia_Clostridia_UCG-014_NA_NA_NA.46,11923.5,0.1355648130427466,21.045454545454547,75.42105263157895
Bacteria_Firmicutes_Clostridia_Oscillospirales_Ruminococcaceae_Ruminococcus_bromii.2,11577.0,0.13198134610968965,230.0,160.7157894736842
Bacteria_Verrucomicrobiota_Verrucomicrobiae_Verrucomicrobiales_Akkermansiaceae_Akkermansia_muciniphila.2,11581.0,0.12955141688144772,684.625,930.7894736842105
Bacteria_Bacteroidota_Bacteroidia_Bacteroidales_Rikenellaceae_Alistipes_inops.1,11693.0,0.12837247021313358,52.84469696969697,69.6421052631579
Bacteria_Firmicutes_Clostridia_Lachnospirales_Lachnospiraceae_Roseburia_NA.19,11547.0,0.1252618042991986,116.66287878787878,146.94736842105263
Bacteria_Firmicutes_Clostridia_Oscillospirales_Oscillospiraceae_UCG-002_NA.13,11900.5,0.12514101114113624,36.859848484848484,18.347368421052632
Bacteria_Actinobacteriota_Actinobacteria_Bifidobacteriales_Bifidobacteriaceae_Bifidobacterium_NA.21,11581.5,0.11665619694099083,457.3068181818182,239.1157894736842
Bacteria_Bacteroidota_Bacteroidia_Bacteroidales_Bacteroidaceae_Bacteroides_vulgatus.4,11554.0,0.11568301688147192,178.62121212121212,357.22105263157897
Bacteria_Proteobacteria_Alphaproteobacteria_Rhodospirillales_NA_NA_NA.2,11981.0,0.11394353220808295,63.11742424242424,14.23157894736842
Bacteria_Firmicutes_Clostridia_Clostridia_UCG-014_NA_NA_NA.30,11656.5,0.11205881879358393,164.625,86.37894736842105
Bacteria_Firmicutes_Clostridia_Oscillospirales_Ruminococcaceae_Faecalibacterium_prausnitzii.1,11482.5,0.11150328599494808,1519.0416666666667,1295.4315789473685
Bacteria_Bacteroidota_Bacteroidia_Bacteroidales_Bacteroidaceae_Bacteroides_coprocola.4,11617.0,0.10663037625020577,180.00757575757575,103.83157894736843
Bacteria_Bacteroidota_Bacteroidia_Bacteroidales_Bacteroidaceae_Bacteroides_NA.356,11876.5,0.10587418255609554,16.12878787878788,48.136842105263156
Bacteria_Firmicutes_Clostridia_Oscillospirales_Eubacterium_coprostanoligenes_group_NA_NA.17,11441.0,0.10266705685810656,430.5037878787879,583.7894736842105
Bacteria_Bacteroidota_Bacteroidia_Bacteroidales_Barnesiellaceae_Barnesiella_NA.7,11864.0,0.10163050044381872,46.81439393939394,41.90526315789474
Bacteria_Bacteroidota_Bacteroidia_Bacteroidales_Rikenellaceae_Alistipes_senegalensis.1,11829.5,0.09910334560926654,18.09090909090909,13.715789473684211
Bacteria_Firmicutes_Clostridia_Clostridia_UCG-014_NA_NA_NA.15,11553.0,0.0960663462145393,92.93560606060606,115.4421052631579
Bacteria_Firmicutes_Clostridia_Oscillospirales_Eubacterium_coprostanoligenes_group_NA_NA.10,11398.5,0.09404321339896854,348.95454545454544,420.8
Bacteria_Bacteroidota_Bacteroidia_Bacteroidales_Bacteroidaceae_Bacteroides_NA.331,11809.5,0.09293136121302542,30.696969696969695,45.21052631578947
Bacteria_Firmicutes_Clostridia_Lachnospirales_Lachnospiraceae_Ruminococcus_torques_group_NA.24,11530.0,0.0927973260510358,55.81439393939394,66.76842105263158
Bacteria_Firmicutes_Clostridia_Lachnospirales_Lachnospiraceae_Dorea_NA.31,11642.5,0.09135335816836909,26.939393939393938,20.673684210526314
Bacteria_Firmicutes_Clostridia_Oscillospirales_Ruminococcaceae_UBA1819_NA.4,11377.5,0.08402421882683431,91.0,131.2736842105263
Bacteria_Bacteroidota_Bacteroidia_Bacteroidales_Tannerellaceae_Parabacteroides_merdae.1,11323.5,0.08047541825574528,655.6742424242424,520.0526315789474
Bacteria_Firmicutes_Clostridia_Oscillospirales_Eubacterium_coprostanoligenes_group_NA_NA.15,11875.0,0.0756896256133876,19.227272727272727,71.6
Bacteria_Firmicutes_Clostridia_Clostridia_UCG-014_NA_NA_NA.9,11460.0,0.07262948805356939,38.178030303030305,75.5578947368421
Bacteria_Bacteroidota_Bacteroidia_Bacteroidales_Rikenellaceae_Alistipes_NA.34,11331.0,0.07186527975441409,90.0,124.85263157894737
Bacteria_Firmicutes_Clostridia_Lachnospirales_Lachnospiraceae_Roseburia_NA.20,11268.0,0.07049682082447113,114.48863636363636,117.86315789473684
Bacteria_Verrucomicrobiota_Verrucomicrobiae_Verrucomicrobiales_Akkermansiaceae_Akkermansia_NA.4,11671.0,0.07034361178070826,179.99242424242425,48.136842105263156
Bacteria_Firmicutes_Clostridia_Oscillospirales_Oscillospiraceae_NA_NA.16,11274.0,0.06878374055584044,97.98484848484848,77.83157894736843
Bacteria_Bacteroidota_Bacteroidia_Bacteroidales_Bacteroidaceae_Bacteroides_fragilis.4,11253.5,0.06867635366517508,454.3863636363636,589.6736842105263
Bacteria_Firmicutes_Clostridia_Lachnospirales_Lachnospiraceae_Lachnospiraceae_NK4A136_group_NA.20,11593.5,0.06809281960907926,56.30681818181818,17.568421052631578
Bacteria_Firmicutes_Clostridia_Oscillospirales_UCG-010_NA_NA.51,11720.0,0.06584702437420961,14.178030303030303,26.378947368421052
Bacteria_Bacteroidota_Bacteroidia_Bacteroidales_Prevotellaceae_Prevotella_9_NA.136,11577.5,0.06484229690325637,134.66287878787878,497.30526315789473
Bacteria_Bacteroidota_Bacteroidia_Bacteroidales_Marinifilaceae_Butyricimonas_virosa.2,11775.0,0.06454884618691384,20.40909090909091,10.08421052631579
Bacteria_Firmicutes_Clostridia_Oscillospirales_Oscillospiraceae_Colidextribacter_NA.14,11589.0,0.06344406437835136,35.121212121212125,20.431578947368422
Bacteria_Bacteroidota_Bacteroidia_Bacteroidales_Bacteroidaceae_Bacteroides_NA.305,11789.0,0.06054734949269382,25.242424242424242,45.95789473684211
Bacteria_Bacteroidota_Bacteroidia_Bacteroidales_Bacteroidaceae_Bacteroides_NA.304,11313.5,0.05888832019076555,291.2462121212121,197.7578947368421
Bacteria_Bacteroidota_Bacteroidia_Bacteroidales_Rikenellaceae_Alistipes_shahii.2,11244.0,0.05869519212356601,106.14015151515152,71.36842105263158
Bacteria_Bacteroidota_Bacteroidia_Bacteroidales_Bacteroidaceae_Bacteroides_eggerthii.2,11221.5,0.05726903598299736,209.17424242424244,251.37894736842105
Bacteria_Firmicutes_Clostridia_Oscillospirales_Oscillospiraceae_UCG-005_NA.22,11125.0,0.051458868055884094,317.70454545454544,295.09473684210525
Bacteria_Firmicutes_Clostridia_Oscillospirales_Ruminococcaceae_Ruminococcus_bromii.1,11154.5,0.04973772080072724,158.47348484848484,176.65263157894736
Bacteria_Bacteroidota_Bacteroidia_Bacteroidales_Prevotellaceae_Prevotella_9_copri.2,11277.5,0.048641978649495966,471.1439393939394,153.83157894736843
Bacteria_Firmicutes_Clostridia_Lachnospirales_Lachnospiraceae_Lachnospira_NA.19,11159.5,0.04703512125852293,74.79166666666667,114.71578947368421
Bacteria_Actinobacteriota_Actinobacteria_Bifidobacteriales_Bifidobacteriaceae_Bifidobacterium_longum.1,11751.0,0.04620156616914255,43.56818181818182,83.6
Bacteria_Firmicutes_Clostridia_Lachnospirales_Lachnospiraceae_Blautia_faecis.1,11069.5,0.04506470280258511,339.06439393939394,402.36842105263156
Bacteria_Firmicutes_Clostridia_Oscillospirales_Ruminococcaceae_Faecalibacterium_prausnitzii.5,11066.5,0.044738752754174445,2834.439393939394,3171.6105263157897
Bacteria_Bacteroidota_Bacteroidia_Bacteroidales_Prevotellaceae_Prevotella_7_NA.11,11343.0,0.04454656830358015,426.3333333333333,125.62105263157895
Bacteria_Bacteroidota_Bacteroidia_Bacteroidales_Bacteroidaceae_Bacteroides_caccae.3,11508.5,0.04284240855727979,42.541666666666664,22.50526315789474
Bacteria_Firmicutes_Clostridia_Oscillospirales_UCG-010_NA_NA.18,11379.5,0.03884652592581256,54.60606060606061,26.410526315789475
Bacteria_Bacteroidota_Bacteroidia_Bacteroidales_Bacteroidaceae_Bacteroides_NA.366,11011.0,0.03884397834443781,422.65909090909093,767.2105263157895
Bacteria_Firmicutes_Clostridia_Lachnospirales_Lachnospiraceae_Lachnospiraceae_NK4A136_group_NA.52,11007.0,0.038630397049146704,489.7121212121212,498.89473684210526
Bacteria_Bacteroidota_Bacteroidia_Bacteroidales_Barnesiellaceae_Barnesiella_NA.23,11689.0,0.03790971567703002,43.75757575757576,23.926315789473684
Bacteria_Firmicutes_Clostridia_Oscillospirales_Eubacterium_coprostanoligenes_group_NA_NA.37,11303.5,0.032152085711641076,43.291666666666664,80.2
Bacteria_Bacteroidota_Bacteroidia_Bacteroidales_Bacteroidaceae_Bacteroides_NA.374,11501.0,0.03178045086462544,59.81060606060606,17.705263157894738
Bacteria_Firmicutes_Clostridia_Oscillospirales_Oscillospiraceae_UCG-005_NA.39,11035.0,0.030955138739893126,63.996212121212125,66.66315789473684
Bacteria_Bacteroidota_Bacteroidia_Bacteroidales_Bacteroidaceae_Bacteroides_NA.372,10920.5,0.030935946404856394,682.4734848484849,623.8210526315789
Bacteria_Firmicutes_Clostridia_Oscillospirales_Ruminococcaceae_Eubacterium_siraeum_group_NA.12,10935.5,0.029853881674573094,118.8409090909091,91.02105263157895
Bacteria_Firmicutes_Clostridia_Oscillospirales_Oscillospiraceae_UCG-003_NA.8,11294.0,0.029609510075338713,28.143939393939394,17.45263157894737
Bacteria_Bacteroidota_Bacteroidia_Bacteroidales_Prevotellaceae_Prevotella_9_NA.134,11640.0,0.027444179288959026,29.204545454545453,108.71578947368421
Bacteria_Firmicutes_Clostridia_Peptostreptococcales-Tissierellales_Peptostreptococcaceae_Romboutsia_sedimentorum.1,11541.0,0.02686835003209988,39.93560606060606,7.073684210526316
Bacteria_Firmicutes_Clostridia_Clostridia_UCG-014_NA_NA_NA.79,11640.5,0.02613084490769743,14.742424242424242,7.515789473684211
Bacteria_Firmicutes_Clostridia_Christensenellales_Christensenellaceae_Christensenellaceae_R-7_group_NA.96,10931.5,0.025975148445421266,97.59469696969697,58.43157894736842
Bacteria_Bacteroidota_Bacteroidia_Bacteroidales_Bacteroidaceae_Bacteroides_massiliensis.3,10977.5,0.023495541288837223,95.12878787878788,527.8842105263158
Bacteria_Firmicutes_Clostridia_Lachnospirales_Lachnospiraceae_Lachnospiraceae_UCG-003_NA.9,11074.0,0.022922884089729114,55.69318181818182,30.49473684210526
Bacteria_Firmicutes_Clostridia_Lachnospirales_Lachnospiraceae_Lachnoclostridium_NA.98,11269.5,0.020186175182273242,26.08712121212121,115.28421052631579
Bacteria_Firmicutes_Clostridia_Oscillospirales_Ruminococcaceae_Faecalibacterium_prausnitzii.4,10914.0,0.01967239478029999,135.21969696969697,73.4
Bacteria_Bacteroidota_Bacteroidia_Bacteroidales_Bacteroidaceae_Bacteroides_NA.330,10858.0,0.019399406145881818,134.75757575757575,272.0842105263158
Bacteria_Bacteroidota_Bacteroidia_Bacteroidales_Bacteroidaceae_Bacteroides_NA.353,11454.0,0.01799552295354972,23.833333333333332,31.2
Bacteria_Bacteroidota_Bacteroidia_Bacteroidales_Bacteroidaceae_Bacteroides_NA.307,10877.0,0.01796267457858579,168.20833333333334,95.58947368421053
Bacteria_Firmicutes_Clostridia_Lachnospirales_Lachnospiraceae_Ruminococcus_gauvreauii_group_NA.5,10710.0,0.017325885746676737,147.6969696969697,192.76842105263157
Bacteria_Firmicutes_Clostridia_Christensenellales_Christensenellaceae_Christensenellaceae_R-7_group_NA.131,10704.5,0.01686008151735586,261.0681818181818,190.69473684210527
Bacteria_Firmicutes_Clostridia_Oscillospirales_Butyricicoccaceae_Butyricicoccus_NA.25,10732.0,0.01611494742468309,70.64015151515152,62.03157894736842
Bacteria_Bacteroidota_Bacteroidia_Bacteroidales_Bacteroidaceae_Bacteroides_NA.277,10725.5,0.015589660475959296,249.0340909090909,262.7473684210526
Bacteria_Firmicutes_Clostridia_Clostridia_UCG-014_NA_NA_NA.51,11147.0,0.01524563853381128,41.47727272727273,21.726315789473684
Bacteria_Firmicutes_Clostridia_Lachnospirales_Lachnospiraceae_Lachnoclostridium_NA.66,11502.0,0.015161331675508342,16.704545454545453,19.88421052631579
Bacteria_Bacteroidota_Bacteroidia_Bacteroidales_Barnesiellaceae_Barnesiella_NA.44,10873.5,0.01509798519460368,178.31439393939394,325.69473684210527
Bacteria_Firmicutes_Clostridia_Oscillospirales_Oscillospiraceae_UCG-002_NA.36,11164.0,0.012438051562600338,63.071969696969695,12.694736842105263
Bacteria_Bacteroidota_Bacteroidia_Bacteroidales_Bacteroidaceae_Bacteroides_vulgatus.1,10587.0,0.012193971104095865,1377.7575757575758,1257.9684210526316
Bacteria_Bacteroidota_Bacteroidia_Bacteroidales_Rikenellaceae_Alistipes_NA.47,10579.0,0.011901656110593687,904.185606060606,457.09473684210525
Bacteria_Firmicutes_Clostridia_Oscillospirales_Oscillospiraceae_NK4A214_group_NA.47,11394.5,0.011512185706605867,19.643939393939394,6.947368421052632
Bacteria_Firmicutes_Clostridia_Clostridia_vadinBB60_group_NA_NA_NA.61,11212.0,0.011319349140069865,42.13257575757576,22.16842105263158
Bacteria_Firmicutes_Clostridia_Oscillospirales_Oscillospiraceae_UCG-005_NA.41,10956.0,0.011109138456048483,27.454545454545453,42.8421052631579
Bacteria_Firmicutes_Clostridia_Oscillospirales_Ruminococcaceae_Eubacterium_siraeum_group_NA.14,11166.5,0.011048217032729948,36.03787878787879,184.47368421052633
Bacteria_Firmicutes_Clostridia_Lachnospirales_Lachnospiraceae_Coprococcus_NA.8,10905.5,0.010893775666025089,45.64772727272727,20.126315789473683
Bacteria_Bacteroidota_Bacteroidia_Bacteroidales_Prevotellaceae_Paraprevotella_NA.1,11370.5,0.01074715747071092,51.94318181818182,9.536842105263158
Bacteria_Firmicutes_Clostridia_Oscillospirales_Ruminococcaceae_CAG-352_NA.5,11464.0,0.010115409386220048,22.916666666666668,11.073684210526316
Bacteria_Firmicutes_Clostridia_Oscillospirales_Oscillospiraceae_UCG-002_NA.38,10508.5,0.009193666257094975,317.8030303030303,438.88421052631577
Bacteria_Bacteroidota_Bacteroidia_Bacteroidales_Prevotellaceae_Prevotella_9_NA.69,11446.5,0.0091418434115615,37.64772727272727,82.29473684210527
Bacteria_Firmicutes_Clostridia_Oscillospirales_Ruminococcaceae_Faecalibacterium_prausnitzii.2,11306.5,0.009101318415927057,35.29924242424242,66.49473684210527
Bacteria_Firmicutes_Clostridia_Lachnospirales_Lachnospiraceae_Eisenbergiella_tayi.1,11278.0,0.008749343198160276,25.382575757575758,7.2631578947368425
Bacteria_Firmicutes_Clostridia_Oscillospirales_Oscillospiraceae_UCG-005_NA.37,11437.5,0.008673802895617788,25.651515151515152,6.673684210526316
Bacteria_Bacteroidota_Bacteroidia_Bacteroidales_Muribaculaceae_CAG-873_NA.3,10954.5,0.00839770941068321,234.25757575757575,116.87368421052632
Bacteria_Firmicutes_Bacilli_Acholeplasmatales_Acholeplasmataceae_Anaeroplasma_NA.1,11355.5,0.008280540386853337,77.95833333333333,13.178947368421053
Bacteria_Firmicutes_Clostridia_Lachnospirales_Lachnospiraceae_Blautia_NA.18,10470.0,0.007947395603472003,92.07575757575758,73.49473684210527
Bacteria_Bacteroidota_Bacteroidia_Bacteroidales_Bacteroidaceae_Bacteroides_vulgatus.5,10447.5,0.007937392188073234,2656.2916666666665,4142.873684210526
Bacteria_Firmicutes_Clostridia_Oscillospirales_Oscillospiraceae_UCG-002_NA.30,10504.0,0.007700080891351903,184.3030303030303,142.18947368421053
Bacteria_Bacteroidota_Bacteroidia_Bacteroidales_Bacteroidaceae_Bacteroides_plebeius.1,10862.0,0.007028147099870976,416.95454545454544,805.3263157894737
Bacteria_Proteobacteria_Alphaproteobacteria_Rhodospirillales_NA_NA_NA.4,10985.5,0.006957657660681048,78.26893939393939,234.82105263157894
Bacteria_Firmicutes_Clostridia_Peptostreptococcales-Tissierellales_Anaerovoracaceae_Family_XIII_AD3011_group_NA.13,10849.5,0.006841780501362251,38.95075757575758,59.63157894736842
Bacteria_Bacteroidota_Bacteroidia_Bacteroidales_Bacteroidaceae_Bacteroides_uniformis.3,10706.5,0.006586358342055187,117.23863636363636,142.4842105263158
Bacteria_Firmicutes_Clostridia_Oscillospirales_Oscillospiraceae_NK4A214_group_NA.48,10592.5,0.006419292909047021,66.18560606060606,39.06315789473684
Bacteria_Bacteroidota_Bacteroidia_Bacteroidales_Prevotellaceae_Prevotellaceae_NK3B31_group_NA.2,11143.5,0.006008783984449048,35.81060606060606,61.49473684210526
Bacteria_Firmicutes_Clostridia_Lachnospirales_Lachnospiraceae_Eubacterium_hallii_group_NA.9,10357.5,0.00594163253374833,226.875,281.34736842105264
Bacteria_Bacteroidota_Bacteroidia_Bacteroidales_Bacteroidaceae_Bacteroides_ovatus.2,10863.0,0.005880973164663201,63.39772727272727,136.8
Bacteria_Bacteroidota_Bacteroidia_Bacteroidales_Bacteroidaceae_Bacteroides_NA.37,11377.0,0.005066811031721953,25.367424242424242,4.168421052631579
Bacteria_Bacteroidota_Bacteroidia_Bacteroidales_Tannerellaceae_NA_NA.1,10624.0,0.004702423804455471,49.28409090909091,294.81052631578945
Bacteria_Bacteroidota_Bacteroidia_Bacteroidales_Rikenellaceae_Alistipes_NA.28,11155.0,0.0045572173189341115,36.15151515151515,8.021052631578947
Bacteria_Firmicutes_Clostridia_Oscillospirales_Oscillospiraceae_Oscillibacter_NA.3,10276.0,0.004452762705050047,126.46212121212122,172.16842105263157
Bacteria_Bacteroidota_Bacteroidia_Bacteroidales_Rikenellaceae_Rikenellaceae_RC9_gut_group_NA.51,11339.5,0.004372822416398363,49.609848484848484,32.32631578947368
Bacteria_Firmicutes_Clostridia_Lachnospirales_Lachnospiraceae_Lachnospiraceae_NK4A136_group_NA.1,10403.0,0.004287620126229849,48.996212121212125,78.88421052631578
Bacteria_Bacteroidota_Bacteroidia_Bacteroidales_Bacteroidaceae_Bacteroides_NA.359,11345.0,0.004120768470082619,107.36742424242425,2.9894736842105263
Bacteria_Bacteroidota_Bacteroidia_Bacteroidales_Prevotellaceae_Prevotella_9_NA.88,11229.5,0.0037021414099219275,68.50378787878788,9.326315789473684
Bacteria_Firmicutes_Clostridia_Oscillospirales_Ruminococcaceae_Ruminococcus_NA.26,10455.0,0.003604303760546119,146.3560606060606,94.29473684210527
Bacteria_Firmicutes_Clostridia_Oscillospirales_Oscillospiraceae_UCG-002_NA.31,11011.5,0.003545897743130814,60.18560606060606,17.74736842105263
Bacteria_Bacteroidota_Bacteroidia_Bacteroidales_Muribaculaceae_NA_NA.137,11303.0,0.0034505090283166173,60.18181818181818,5.726315789473684
Bacteria_Firmicutes_Clostridia_Lachnospirales_Lachnospiraceae_Sellimonas_intestinalis.1,10972.0,0.003206011293349166,26.87121212121212,10.273684210526316
Bacteria_Firmicutes_Clostridia_Lachnospirales_Lachnospiraceae_Blautia_NA.51,10173.5,0.003189195717375057,918.2537878787879,1220.8736842105263
Bacteria_Bacteroidota_Bacteroidia_Bacteroidales_Bacteroidaceae_Bacteroides_caccae.1,10175.5,0.0031219205424941653,249.83712121212122,384.4842105263158
Bacteria_Firmicutes_Clostridia_Oscillospirales_Butyricicoccaceae_Butyricicoccus_NA.13,10837.0,0.002870868533080353,14.594696969696969,28.326315789473686
Bacteria_Firmicutes_Clostridia_Clostridia_UCG-014_NA_NA_NA.118,11255.5,0.0027839508194470106,25.329545454545453,2.6526315789473682
Bacteria_Firmicutes_Clostridia_Clostridia_vadinBB60_group_NA_NA_NA.20,10178.5,0.002743590539671623,297.8333333333333,199.2
Bacteria_Firmicutes_Clostridia_Oscillospirales_Ruminococcaceae_Ruminococcus_NA.13,10467.5,0.0026976331366477513,69.75,29.652631578947368
Bacteria_Firmicutes_Clostridia_Clostridia_UCG-014_NA_NA_NA.22,10458.5,0.002598958385391342,132.8409090909091,34.73684210526316
Bacteria_Bacteroidota_Bacteroidia_Bacteroidales_Bacteroidaceae_Bacteroides_NA.320,10855.5,0.0024992446787173083,39.78409090909091,14.715789473684211
Bacteria_Firmicutes_Clostridia_Oscillospirales_Oscillospiraceae_NK4A214_group_NA.18,10733.5,0.002410472867556204,44.78787878787879,68.3157894736842
Bacteria_Firmicutes_Clostridia_Clostridia_vadinBB60_group_NA_NA_NA.82,11217.0,0.0023822000686601463,69.17045454545455,3.6210526315789475
Bacteria_Firmicutes_Clostridia_Lachnospirales_Lachnospiraceae_Frisingicoccus_NA.1,10736.5,0.002349620733296692,37.07954545454545,14.284210526315789
Bacteria_Firmicutes_Clostridia_Lachnospirales_Lachnospiraceae_Blautia_obeum.1,10060.0,0.002126477920918189,230.43939393939394,189.0421052631579
Bacteria_Firmicutes_Clostridia_Lachnospirales_Lachnospiraceae_Coprococcus_catus.1,10056.0,0.0020241933927534787,99.50757575757575,77.09473684210526
Bacteria_Firmicutes_Clostridia_Oscillospirales_Oscillospiraceae_UCG-005_NA.33,10929.5,0.0017632929276303686,23.685606060606062,6.821052631578947
Bacteria_Bacteroidota_Bacteroidia_Bacteroidales_Bacteroidaceae_Bacteroides_NA.286,10219.5,0.0017089704936441073,292.2765151515151,111.67368421052632
Bacteria_Firmicutes_Clostridia_Oscillospirales_UCG-010_NA_NA.66,10791.5,0.0016920537907805435,24.223484848484848,16.57894736842105
Bacteria_Bacteroidota_Bacteroidia_Bacteroidales_Bacteroidaceae_Bacteroides_uniformis.5,9985.5,0.0016178964914139453,2123.9166666666665,2961.8736842105263
Bacteria_Bacteroidota_Bacteroidia_Bacteroidales_Bacteroidaceae_Bacteroides_clarus.1,10646.0,0.0015616762641852625,64.53787878787878,19.08421052631579
Bacteria_Bacteroidota_Bacteroidia_Bacteroidales_Marinifilaceae_Odoribacter_splanchnicus.3,10190.0,0.0014268063392212898,51.85606060606061,25.789473684210527
Bacteria_Firmicutes_Clostridia_Oscillospirales_Oscillospiraceae_UCG-002_NA.11,10160.0,0.001338840465571334,101.40530303030303,44.305263157894736
Bacteria_Firmicutes_Clostridia_Lachnospirales_Lachnospiraceae_Dorea_formicigenerans.1,9930.0,0.001311423784286053,152.4810606060606,189.55789473684212
Bacteria_Firmicutes_Clostridia_Oscillospirales_Ruminococcaceae_Ruminococcus_champanellensis.2,10666.0,0.0012471316272941008,36.30681818181818,11.052631578947368
Bacteria_Firmicutes_Clostridia_Oscillospirales_Ruminococcaceae_Ruminococcus_NA.10,10375.5,0.0011903145705366431,66.2159090909091,158.8421052631579
Bacteria_Proteobacteria_Alphaproteobacteria_Rhodospirillales_NA_NA_NA.5,10701.5,0.001156811862387688,52.63636363636363,100.47368421052632
Bacteria_Firmicutes_Clostridia_Oscillospirales_Oscillospiraceae_NK4A214_group_NA.25,9894.0,0.0011070269632377945,136.29166666666666,238.2736842105263
Bacteria_Bacteroidota_Bacteroidia_Bacteroidales_Barnesiellaceae_Barnesiella_NA.40,9933.5,0.0010934893017240086,296.4734848484849,316.46315789473687
Bacteria_Firmicutes_Clostridia_Lachnospirales_Lachnospiraceae_Eubacterium_eligens_group_NA.15,9867.5,0.0010331475876119872,329.0378787878788,223.49473684210525
Bacteria_Firmicutes_Clostridia_Oscillospirales_Oscillospiraceae_Intestinimonas_NA.16,9864.5,0.0008722240591163342,66.27272727272727,97.93684210526315
Bacteria_Bacteroidota_Bacteroidia_Bacteroidales_Tannerellaceae_Parabacteroides_distasonis.7,10334.5,0.0008643682997217355,45.484848484848484,115.63157894736842
Bacteria_Firmicutes_Clostridia_Lachnospirales_Lachnospiraceae_Ruminococcus_gnavus_group_NA.10,9807.0,0.0007747538764785949,715.4886363636364,572.578947368421
Bacteria_Firmicutes_Clostridia_Lachnospirales_Lachnospiraceae_Blautia_NA.26,10767.5,0.0007737548345074471,31.606060606060606,41.526315789473685
Bacteria_Firmicutes_Clostridia_Oscillospirales_Ruminococcaceae_CAG-352_NA.6,10417.5,0.0006840628541747316,52.72348484848485,12.25263157894737
Bacteria_Bacteroidota_Bacteroidia_Bacteroidales_Bacteroidaceae_Bacteroides_nordii.1,10941.5,0.0006806949565978917,36.41287878787879,4.5473684210526315
Bacteria_Bacteroidota_Bacteroidia_Bacteroidales_Barnesiellaceae_Barnesiella_intestinihominis.2,10225.0,0.0006783716307526828,78.69318181818181,176.77894736842106
Bacteria_Bacteroidota_Bacteroidia_Bacteroidales_Prevotellaceae_Prevotella_9_NA.108,10364.5,0.0006704557848450751,90.60606060606061,517.8736842105263
Bacteria_Bacteroidota_Bacteroidia_Bacteroidales_Rikenellaceae_Rikenellaceae_RC9_gut_group_NA.34,11017.0,0.000656425175398623,102.23863636363636,5.178947368421053
Bacteria_Firmicutes_Clostridia_Lachnospirales_Lachnospiraceae_Butyrivibrio_crossotus.1,9771.5,0.0005904230157978756,423.61742424242425,556.7157894736843
Bacteria_Verrucomicrobiota_Verrucomicrobiae_Verrucomicrobiales_Akkermansiaceae_Akkermansia_muciniphila.1,10326.0,0.0005495547895074009,359.1401515151515,41.32631578947368
Bacteria_Firmicutes_Clostridia_Oscillospirales_Ruminococcaceae_Incertae_Sedis_NA.23,9719.0,0.0005265131062446214,109.69318181818181,69.3157894736842
Bacteria_Firmicutes_Clostridia_Oscillospirales_Eubacterium_coprostanoligenes_group_NA_NA.48,9898.0,0.0004761750875279818,65.72348484848484,107.07368421052631
Bacteria_Bacteroidota_Bacteroidia_Bacteroidales_Bacteroidaceae_Bacteroides_NA.310,10784.0,0.00047232348834563354,23.151515151515152,57.14736842105263
Bacteria_Firmicutes_Clostridia_Oscillospirales_Ruminococcaceae_NA_NA.68,10903.5,0.00046460236011904824,6.481060606060606,18.736842105263158
Bacteria_Firmicutes_Clostridia_Oscillospirales_Oscillospiraceae_UCG-002_NA.55,9667.0,0.0004637948351693082,767.7083333333334,561.3789473684211
Bacteria_Firmicutes_Clostridia_Christensenellales_Christensenellaceae_Christensenellaceae_R-7_group_NA.141,9992.5,0.00043961334302656353,86.71969696969697,34.11578947368421
Bacteria_Firmicutes_Clostridia_Clostridiales_Clostridiaceae_Clostridium_sensu_stricto_1_NA.29,9673.5,0.00043882768856575664,237.10227272727272,197.6315789473684
Bacteria_Fusobacteriota_Fusobacteriia_Fusobacteriales_Fusobacteriaceae_Fusobacterium_necrophorum.1,10919.0,0.00040813218275197096,68.95454545454545,4.105263157894737
Bacteria_Bacteroidota_Bacteroidia_Bacteroidales_Bacteroidaceae_Bacteroides_NA.339,10963.0,0.000383214528203607,31.041666666666668,59.67368421052632
Bacteria_Firmicutes_Clostridia_Christensenellales_Christensenellaceae_Christensenellaceae_R-7_group_NA.154,10881.5,0.00035006553128918977,30.560606060606062,4.968421052631579
Bacteria_Firmicutes_Clostridia_Clostridia_UCG-014_NA_NA_NA.116,10724.5,0.000348026342711385,24.071969696969695,3.5473684210526315
Bacteria_Firmicutes_Clostridia_Lachnospirales_Lachnospiraceae_NA_NA.77,9985.5,0.0003477453234522726,27.848484848484848,48.2
Bacteria_Bacteroidota_Bacteroidia_Bacteroidales_Bacteroidaceae_Bacteroides_intestinalis.3,11005.5,0.000345749891081309,19.765151515151516,0.8105263157894737
Bacteria_Firmicutes_Clostridia_Lachnospirales_Lachnospiraceae_Eubacterium_hallii_group_NA.10,9910.0,0.0003345261965920156,44.871212121212125,22.347368421052632
Bacteria_Firmicutes_Clostridia_Oscillospirales_Eubacterium_coprostanoligenes_group_NA_NA.49,10602.0,0.000293706073154199,24.15530303030303,156.4842105263158
Bacteria_Firmicutes_Clostridia_Lachnospirales_Lachnospiraceae_Lachnospira_pectinoschiza.2,9544.5,0.0002608469315014849,121.32954545454545,347.4315789473684
Bacteria_Firmicutes_Clostridia_Lachnospirales_Lachnospiraceae_Lachnospiraceae_UCG-010_NA.16,10204.0,0.00023629925017055228,65.88257575757575,13.589473684210526
Bacteria_Bacteroidota_Bacteroidia_Bacteroidales_Bacteroidaceae_Bacteroides_NA.383,10605.0,0.0002276785578598465,71.88257575757575,303.8315789473684
Bacteria_Firmicutes_Clostridia_Oscillospirales_Oscillospiraceae_Flavonifractor_plautii.1,9739.5,0.00020950150963034017,58.52651515151515,69.73684210526316
Bacteria_Bacteroidota_Bacteroidia_Bacteroidales_Rikenellaceae_Rikenellaceae_RC9_gut_group_NA.31,10903.0,0.00020523765109527127,90.57575757575758,0.8421052631578947
Bacteria_Bacteroidota_Bacteroidia_Bacteroidales_Prevotellaceae_Paraprevotella_NA.11,10588.0,0.00018349518029127357,104.1590909090909,4.326315789473684
Bacteria_Firmicutes_Clostridia_Lachnospirales_Lachnospiraceae_Eisenbergiella_massiliensis.1,10715.5,0.00016696811365906703,10.507575757575758,64.26315789473684
Bacteria_Bacteroidota_Bacteroidia_Bacteroidales_Bacteroidaceae_Bacteroides_thetaiotaomicron.1,9408.0,0.00015273695349319553,459.45075757575756,574.6421052631579
Bacteria_Firmicutes_Clostridia_Clostridia_vadinBB60_group_NA_NA_NA.16,9402.5,0.00014372481944982413,266.1780303030303,169.09473684210528
Bacteria_Actinobacteriota_Coriobacteriia_Coriobacteriales_Coriobacteriaceae_Collinsella_aerofaciens.1,9391.5,0.0001421485553638961,1439.5378787878788,2145.4947368421053
Bacteria_Bacteroidota_Bacteroidia_Bacteroidales_Bacteroidaceae_Bacteroides_NA.343,10752.0,0.0001289581011620243,22.09469696969697,92.16842105263157
Bacteria_Bacteroidota_Bacteroidia_Bacteroidales_Bacteroidaceae_Bacteroides_NA.398,9365.5,0.00012651602796776864,3360.2992424242425,5362.094736842106
Bacteria_Bacteroidota_Bacteroidia_Bacteroidales_Bacteroidaceae_Bacteroides_coprocola.3,10595.5,0.00012534522162644703,87.15530303030303,7.126315789473685
Bacteria_Firmicutes_Clostridia_Lachnospirales_Lachnospiraceae_Dorea_longicatena.1,9358.5,0.00012258471853876252,609.0378787878788,869.4315789473684
Bacteria_Firmicutes_Clostridia_Christensenellales_Christensenellaceae_Christensenellaceae_R-7_group_NA.113,9425.5,0.00011338189488127084,171.9810606060606,113.54736842105264
Bacteria_Firmicutes_Clostridia_Oscillospirales_Oscillospiraceae_UCG-002_NA.61,10660.5,0.00010967836210653965,88.33333333333333,3.168421052631579
Bacteria_Bacteroidota_Bacteroidia_Bacteroidales_Barnesiellaceae_Coprobacter_NA.10,10108.5,0.00010896063215519515,39.640151515151516,11.294736842105262
Bacteria_Firmicutes_Clostridia_Clostridia_UCG-014_NA_NA_NA.6,10877.5,9.850479564512001e-05,32.79545454545455,0.0
Bacteria_Bacteroidota_Bacteroidia_Bacteroidales_Bacteroidaceae_Bacteroides_intestinalis.1,9952.5,9.83010512715513e-05,68.13257575757575,39.37894736842105
Bacteria_Firmicutes_Clostridia_Oscillospirales_Ruminococcaceae_Subdoligranulum_NA.18,9301.0,9.440070815944115e-05,601.310606060606,768.9473684210526
Bacteria_Bacteroidota_Bacteroidia_Bacteroidales_Bacteroidaceae_Bacteroides_ovatus.1,9867.0,8.770895899803496e-05,103.31060606060606,25.63157894736842
Bacteria_Firmicutes_Clostridia_Christensenellales_Christensenellaceae_Christensenellaceae_R-7_group_NA.165,9816.5,8.532777573587842e-05,90.47348484848484,33.16842105263158
Bacteria_Firmicutes_Clostridia_Lachnospirales_Lachnospiraceae_Lachnospiraceae_UCG-004_NA.7,9278.0,8.319526213899154e-05,109.85606060606061,156.57894736842104
Bacteria_Bacteroidota_Bacteroidia_Bacteroidales_Prevotellaceae_Prevotella_intermedia.3,10830.0,7.807034682669925e-05,114.45075757575758,0.0
Bacteria_Bacteroidota_Bacteroidia_Bacteroidales_Prevotellaceae_Alloprevotella_NA.39,10830.0,7.806836563988616e-05,47.553030303030305,0.0
Bacteria_Firmicutes_Clostridia_Oscillospirales_Ruminococcaceae_Ruminococcus_bicirculans.1,9203.5,5.6901896623243347e-05,227.34469696969697,462.1684210526316
Bacteria_Firmicutes_Clostridia_Oscillospirales_Oscillospiraceae_Intestinimonas_NA.7,9908.5,5.234386163145466e-05,43.015151515151516,14.726315789473684
Bacteria_Firmicutes_Clostridia_Oscillospirales_Oscillospiraceae_UCG-005_NA.62,9173.5,5.078417191730988e-05,231.42424242424244,141.53684210526316
Bacteria_Firmicutes_Clostridia_Lachnospirales_Lachnospiraceae_NA_NA.43,9595.0,4.617805600137835e-05,33.73863636363637,67.46315789473684
Bacteria_Firmicutes_Clostridia_Lachnospirales_Lachnospiraceae_Agathobacter_NA.142,9136.5,4.369100307266029e-05,778.1136363636364,1088.7578947368422
Bacteria_Firmicutes_Clostridia_Lachnospirales_Lachnospiraceae_Ruminococcus_torques_group_NA.19,9133.5,4.2994678546200505e-05,357.5530303030303,228.7157894736842
Bacteria_Bacteroidota_Bacteroidia_Bacteroidales_Prevotellaceae_Paraprevotella_NA.9,9238.0,3.957290630403143e-05,126.40151515151516,208.2842105263158
Bacteria_Firmicutes_Clostridia_Oscillospirales_Oscillospiraceae_NK4A214_group_NA.35,10163.0,3.385550350353411e-05,25.689393939393938,5.273684210526316
Bacteria_Bacteroidota_Bacteroidia_Bacteroidales_Rikenellaceae_Alistipes_putredinis.1,9002.5,2.274494583072642e-05,1152.1780303030303,768.1578947368421
Bacteria_Firmicutes_Clostridia_Clostridia_UCG-014_NA_NA_NA.28,9197.5,2.2136056782083822e-05,155.79924242424244,78.47368421052632
Bacteria_Bacteroidota_Bacteroidia_Bacteroidales_Rikenellaceae_Alistipes_obesi.1,9120.5,2.1513353354507677e-05,107.85606060606061,60.98947368421052
Bacteria_Bacteroidota_Bacteroidia_Bacteroidales_Bacteroidaceae_Bacteroides_uniformis.2,10270.5,1.4980391577952716e-05,49.42045454545455,352.0315789473684
Bacteria_Firmicutes_Clostridia_Peptostreptococcales-Tissierellales_Anaerovoracaceae_Family_XIII_AD3011_group_NA.12,10177.0,1.3863290264846331e-05,21.079545454545453,1.7789473684210526
Bacteria_Firmicutes_Clostridia_Oscillospirales_Eubacterium_coprostanoligenes_group_NA_NA.55,10273.0,1.32608269086682e-05,17.678030303030305,154.0421052631579
Bacteria_Firmicutes_Clostridia_Lachnospirales_Lachnospiraceae_Lachnospiraceae_UCG-004_NA.20,9185.0,1.2202719105655271e-05,42.44318181818182,77.5578947368421
Bacteria_Firmicutes_Clostridia_Christensenellales_Christensenellaceae_Christensenellaceae_R-7_group_NA.10,10450.0,1.1738618673751156e-05,46.28787878787879,0.0
Bacteria_Bacteroidota_Bacteroidia_Bacteroidales_Rikenellaceae_Alistipes_finegoldii.1,10183.0,9.752405254474193e-06,48.803030303030305,4.4
Bacteria_Firmicutes_Clostridia_Lachnospirales_Lachnospiraceae_NA_NA.44,9835.0,9.332711588817362e-06,60.265151515151516,11.51578947368421
Bacteria_Firmicutes_Clostridia_Lachnospirales_Lachnospiraceae_Lachnoclostridium_NA.88,8966.5,8.276830838238205e-06,55.43560606060606,99.9578947368421
Bacteria_Bacteroidota_Bacteroidia_Bacteroidales_Bacteroidaceae_Bacteroides_uniformis.1,8792.0,7.789518950848903e-06,1647.969696969697,2828.0105263157893
Bacteria_Firmicutes_Clostridia_Lachnospirales_Lachnospiraceae_Lachnoclostridium_NA.64,8914.0,7.748956026042551e-06,137.48863636363637,453.93684210526317
Bacteria_Firmicutes_Clostridia_Clostridia_vadinBB60_group_NA_NA_NA.56,10227.5,6.662579631159023e-06,29.897727272727273,0.5368421052631579
Bacteria_Firmicutes_Clostridia_Peptostreptococcales-Tissierellales_Peptostreptococcaceae_Romboutsia_NA.10,8738.5,5.605091300285315e-06,137.7689393939394,225.10526315789474
Bacteria_Firmicutes_Clostridia_Clostridia_vadinBB60_group_NA_NA_NA.9,10078.0,5.478004169955573e-06,66.29166666666667,1.8842105263157896
Bacteria_Bacteroidota_Bacteroidia_Bacteroidales_Tannerellaceae_Parabacteroides_distasonis.6,9665.0,5.205018612090898e-06,68.06439393939394,11.221052631578948
Bacteria_Firmicutes_Clostridia_Lachnospirales_Lachnospiraceae_Blautia_NA.6,9663.0,4.7015735909323666e-06,19.473484848484848,58.06315789473684
Bacteria_Firmicutes_Clostridia_Lachnospirales_Lachnospiraceae_NA_NA.31,9510.0,3.6717165494855736e-06,20.62878787878788,52.85263157894737
Bacteria_Firmicutes_Clostridia_Lachnospirales_Lachnospiraceae_NA_NA.59,8646.5,3.4976387766470055e-06,228.3560606060606,374.94736842105266
Bacteria_Firmicutes_Clostridia_Lachnospirales_Lachnospiraceae_Eubacterium_ruminantium_group_NA.2,8606.5,2.8128689167285975e-06,353.3181818181818,214.46315789473684
Bacteria_Firmicutes_Clostridia_Lachnospirales_Lachnospiraceae_Lachnospira_pectinoschiza.1,8556.0,2.1904698361388684e-06,393.8901515151515,491.6736842105263
Bacteria_Bacteroidota_Bacteroidia_Bacteroidales_Porphyromonadaceae_Porphyromonas_NA.22,10117.5,2.1158200564548284e-06,258.85227272727275,0.0
Bacteria_Firmicutes_Clostridia_Lachnospirales_Lachnospiraceae_Agathobacter_NA.87,8542.5,2.033061595111508e-06,5078.871212121212,6874.231578947369
Bacteria_Bacteroidota_Bacteroidia_Bacteroidales_Prevotellaceae_Prevotella_7_NA.8,10070.0,1.6488933638037633e-06,59.60606060606061,0.0
Bacteria_Firmicutes_Clostridia_Oscillospirales_Oscillospiraceae_UCG-002_NA.37,9410.5,1.5385546452899062e-06,54.46969696969697,7.831578947368421
Bacteria_Firmicutes_Clostridia_Monoglobales_Monoglobaceae_Monoglobus_NA.5,8481.5,1.4448847970002864e-06,229.02272727272728,344.18947368421055
Bacteria_Bacteroidota_Bacteroidia_Bacteroidales_Bacteroidaceae_Bacteroides_stercoris.1,8504.5,1.2922026885140165e-06,405.6628787878788,686.2315789473685
Bacteria_Firmicutes_Clostridia_Christensenellales_Christensenellaceae_Christensenellaceae_R-7_group_NA.104,8508.5,1.1939870978161906e-06,149.96969696969697,94.5578947368421
Bacteria_Firmicutes_Clostridia_Lachnospirales_Lachnospiraceae_Roseburia_hominis.1,8848.5,8.215867706493926e-07,113.52651515151516,43.96842105263158
Bacteria_Firmicutes_Clostridia_Peptostreptococcales-Tissierellales_Family_XI_Parvimonas_micra.1,9576.0,7.621079213109595e-07,47.55681818181818,5.378947368421053
Bacteria_Bacteroidota_Bacteroidia_Bacteroidales_Porphyromonadaceae_Porphyromonas_NA.34,9832.5,4.655301911234446e-07,70.71212121212122,0.0
Bacteria_Bacteroidota_Bacteroidia_Bacteroidales_Bacteroidaceae_Bacteroides_coprocola.2,10215.0,4.654019643118753e-07,12.068181818181818,185.7263157894737
Bacteria_Firmicutes_Clostridia_Christensenellales_Christensenellaceae_Christensenellaceae_R-7_group_NA.97,8303.0,4.370838356016586e-07,432.36742424242425,134.0
Bacteria_Bacteroidota_Bacteroidia_Bacteroidales_Porphyromonadaceae_Porphyromonas_NA.30,9689.0,4.20788394632178e-07,95.90530303030303,1.8842105263157896
Bacteria_Firmicutes_Clostridia_Lachnospirales_Lachnospiraceae_Roseburia_inulinivorans.1,8236.0,3.5002579609706554e-07,513.6022727272727,832.978947368421
Bacteria_Firmicutes_Clostridia_Oscillospirales_Oscillospiraceae_UCG-002_NA.2,8135.5,1.9142664541199213e-07,1044.215909090909,616.2736842105263
Bacteria_Bacteroidota_Bacteroidia_Bacteroidales_Rikenellaceae_Alistipes_NA.40,9131.0,1.086259943546871e-07,195.68939393939394,15.957894736842105
Bacteria_Bacteroidota_Bacteroidia_Bacteroidales_Tannerellaceae_Parabacteroides_distasonis.9,8034.5,7.35659082059692e-08,183.87121212121212,621.8210526315789
Bacteria_Firmicutes_Clostridia_Clostridia_UCG-014_NA_NA_NA.53,8720.5,7.291455235937462e-08,52.23863636363637,9.063157894736841
Bacteria_Firmicutes_Clostridia_Christensenellales_Christensenellaceae_Christensenellaceae_R-7_group_NA.99,8729.0,7.19819699585515e-08,107.89393939393939,14.16842105263158
Bacteria_Firmicutes_Clostridia_Lachnospirales_Lachnospiraceae_Lachnoclostridium_NA.68,7974.0,6.959096659955779e-08,190.42424242424244,402.9263157894737
Bacteria_Bacteroidota_Bacteroidia_Bacteroidales_Bacteroidaceae_Bacteroides_vulgatus.2,8012.5,6.462424863656803e-08,227.24621212121212,822.1578947368421
Bacteria_Firmicutes_Clostridia_Peptostreptococcales-Tissierellales_Peptostreptococcaceae_Peptostreptococcus_stomatis.1,9112.5,4.427354485473028e-08,59.18939393939394,3.4526315789473685
Bacteria_Firmicutes_Clostridia_Oscillospirales_Oscillospiraceae_NK4A214_group_NA.14,8138.5,9.829398206073019e-09,81.11742424242425,24.86315789473684
Bacteria_Firmicutes_Clostridia_Christensenellales_Christensenellaceae_Christensenellaceae_R-7_group_NA.128,7603.0,5.5098149178866665e-09,311.280303030303,128.2736842105263
Bacteria_Firmicutes_Clostridia_Lachnospirales_Lachnospiraceae_Lachnospiraceae_ND3007_group_NA.9,7533.0,3.920268613918103e-09,246.7310606060606,419.70526315789476
Bacteria_Firmicutes_Clostridia_Oscillospirales_Oscillospiraceae_Colidextribacter_NA.17,8199.0,3.821585295621333e-09,35.90530303030303,82.77894736842106
Bacteria_Firmicutes_Clostridia_Lachnospirales_Lachnospiraceae_Lachnoclostridium_edouardi.1,7529.0,3.81013064581382e-09,200.54166666666666,394.6421052631579
Bacteria_Firmicutes_Clostridia_Lachnospirales_Lachnospiraceae_NA_NA.32,7957.5,3.153096203925702e-09,86.10606060606061,17.957894736842107
Bacteria_Firmicutes_Clostridia_Lachnospirales_Lachnospiraceae_Lachnospiraceae_UCG-010_NA.4,7496.0,2.8836756578379313e-09,254.72348484848484,111.26315789473684
Bacteria_Proteobacteria_Alphaproteobacteria_Rhodospirillales_NA_NA_NA.13,7884.5,2.7535475018357647e-09,242.5568181818182,73.89473684210526
Bacteria_Actinobacteriota_Actinobacteria_Bifidobacteriales_Bifidobacteriaceae_Bifidobacterium_longum.2,7481.0,2.7363829346985696e-09,842.3939393939394,2557.2315789473682
Bacteria_Bacteroidota_Bacteroidia_Bacteroidales_Prevotellaceae_Prevotella_9_NA.54,9677.5,2.4443656201199857e-09,28.454545454545453,200.7578947368421
Bacteria_Actinobacteriota_Actinobacteria_Bifidobacteriales_Bifidobacteriaceae_Bifidobacterium_NA.12,7416.5,1.751472754283125e-09,1780.8257575757575,4276.694736842105
Bacteria_Firmicutes_Clostridia_Oscillospirales_Oscillospiraceae_UCG-002_NA.64,7413.0,1.7024950910151054e-09,376.9431818181818,230.17894736842106
Bacteria_Firmicutes_Clostridia_Oscillospirales_Ruminococcaceae_NA_NA.13,7383.0,1.2357967254597788e-09,248.68939393939394,126.03157894736842
Bacteria_Bacteroidota_Bacteroidia_Bacteroidales_Porphyromonadaceae_Porphyromonas_NA.1,8559.0,6.045408946240085e-10,240.2159090909091,1.9684210526315788
Bacteria_Firmicutes_Clostridia_Lachnospirales_Lachnospiraceae_Lachnoclostridium_NA.102,7502.0,5.692689271726126e-10,62.125,195.8421052631579
Bacteria_Bacteroidota_Bacteroidia_Bacteroidales_Prevotellaceae_Prevotella_7_NA.18,8146.0,5.36388849415225e-10,349.04545454545456,23.8
Bacteria_Firmicutes_Clostridia_Lachnospirales_Lachnospiraceae_Fusicatenibacter_saccharivorans.1,7208.0,3.961379565676382e-10,1358.5492424242425,2554.2
Bacteria_Firmicutes_Clostridia_Lachnospirales_Lachnospiraceae_Lachnoclostridium_NA.100,8751.5,1.3563256940637448e-10,35.34090909090909,99.22105263157894
Bacteria_Firmicutes_Clostridia_Christensenellales_Christensenellaceae_Christensenellaceae_R-7_group_NA.2,7029.0,1.0385114180616065e-10,1126.564393939394,343.12631578947367
Bacteria_Bacteroidota_Bacteroidia_Bacteroidales_Bacteroidaceae_Bacteroides_massiliensis.1,8202.0,4.978941896077178e-11,35.35227272727273,104.6421052631579
Bacteria_Firmicutes_Clostridia_Oscillospirales_Ruminococcaceae_Faecalibacterium_prausnitzii.6,6994.0,3.158271398004351e-11,153.7651515151515,366.6
Bacteria_Actinobacteriota_Coriobacteriia_Coriobacteriales_Eggerthellaceae_Adlercreutzia_equolifaciens.3,9174.0,7.643523697937465e-12,4.159090909090909,42.83157894736842
Bacteria_Actinobacteriota_Coriobacteriia_Coriobacteriales_Coriobacteriaceae_Collinsella_NA.7,9171.0,4.630648177528859e-12,19.492424242424242,606.8315789473684
Bacteria_Firmicutes_Clostridia_Lachnospirales_Lachnospiraceae_Lachnoclostridium_NA.53,9309.0,2.6991062448876034e-12,3.9734848484848486,55.10526315789474
Bacteria_Firmicutes_Clostridia_Lachnospirales_Lachnospiraceae_Ruminococcus_torques_group_NA.29,7600.5,2.4044549571860597e-13,21.545454545454547,246.06315789473683
Bacteria_Bacteroidota_Bacteroidia_Bacteroidales_Bacteroidaceae_Bacteroides_NA.342,6729.0,1.8073204218232875e-14,90.92045454545455,567.9368421052632
Bacteria_Actinobacteriota_Coriobacteriia_Coriobacteriales_Eggerthellaceae_Adlercreutzia_NA.6,8610.5,1.596036866225106e-14,5.371212121212121,34.747368421052634
Bacteria_Firmicutes_Clostridia_Lachnospirales_Lachnospiraceae_Roseburia_intestinalis.1,5232.5,1.1426684081459222e-18,210.81439393939394,1005.9894736842106
