ASV,MannWU_stat,p_value,MSI_pos_mean,MSI_neg_mean
Bacteria_Firmicutes_Clostridia_Lachnospirales_Lachnospiraceae_Sellimonas_intestinalis.1,2185.5,0.9959443257107113,0.00044056050529975126,0.00033506825683640625
Bacteria_Bacteroidota_Bacteroidia_Bacteroidales_Prevotellaceae_Prevotellaceae-NK3B31-group_NA.14,2182.5,0.9947826017240939,9.643380378517594e-05,0.0012627670944060619
Bacteria_Bacteroidota_Bacteroidia_Bacteroidales_Tannerellaceae_NA_NA.1,2188.0,0.9875296007125041,0.0004232890176874221,0.0006147764078213588
Bacteria_Firmicutes_Clostridia_Oscillospirales_Ruminococcaceae_Ruminococcus_NA.26,2190.0,0.9825950036879328,0.0009678494909923218,0.0017754557729992705
Bacteria_Bacteroidota_Bacteroidia_Bacteroidales_Prevotellaceae_Prevotella_9_NA.109,2190.0,0.9811420286237614,0.0008334214131347505,0.0031768517866239626
Bacteria_Bacteroidota_Bacteroidia_Bacteroidales_Marinifilaceae_Odoribacter_splanchnicus.3,2192.0,0.9761455199482011,0.0006612035917924391,0.0005440682683051856
Bacteria_Bacteroidota_Bacteroidia_Bacteroidales_Rikenellaceae_Alistipes_finegoldii.2,2194.0,0.9713681166231135,0.0018994942447976132,0.0016746690138566172
Bacteria_Firmicutes_Clostridia_Oscillospirales_UCG-010_NA_NA.81,2177.5,0.9697784696370293,0.00010945893883957093,0.00013844470770806998
Bacteria_Proteobacteria_Alphaproteobacteria_Rhodospirillales_NA_NA_NA.4,2174.5,0.9628464930112437,0.00040084388395071597,0.0008712781000893032
Bacteria_Bacteroidota_Bacteroidia_Bacteroidales_Bacteroidaceae_Bacteroides_uniformis.1,2165.0,0.9462662382543521,0.023751028637238426,0.018804275986854007
Bacteria_Firmicutes_Clostridia_Lachnospirales_Lachnospiraceae_Anaerostipes_hadrus.3,2198.5,0.9422353078096251,0.0002581255157599139,0.00027289522501679165
Bacteria_Actinobacteriota_Actinobacteria_Bifidobacteriales_Bifidobacteriaceae_Bifidobacterium_longum.1,2170.0,0.9219501530394975,0.0005157093344992342,0.0006026976345371623
Bacteria_Firmicutes_Clostridia_Oscillospirales_Ruminococcaceae_Subdoligranulum_NA.60,2213.0,0.9173068879278327,0.015508347679569517,0.011608106937245396
Bacteria_Firmicutes_Clostridia_Oscillospirales_Oscillospiraceae_UCG-002_NA.25,2153.0,0.9098987673053954,0.0016613378263728867,0.0021679987497026493
Bacteria_Firmicutes_Clostridia_Lachnospirales_Lachnospiraceae_Blautia_massiliensis.1,2146.5,0.8927758670665656,0.0035786171468294493,0.003618604884901393
Bacteria_Bacteroidota_Bacteroidia_Bacteroidales_Rikenellaceae_Alistipes_NA.47,2223.0,0.8884522920672281,0.02164237237272452,0.010378685811009649
Bacteria_Firmicutes_Clostridia_Clostridia-vadinBB60-group_NA_NA_NA.20,2223.0,0.8865891597065944,0.0029162851236488093,0.003901645247714985
Bacteria_Firmicutes_Clostridia_Lachnospirales_Lachnospiraceae_Dorea_NA.31,2152.0,0.8849682915216835,0.00033867532881728317,0.00028490121099532836
Bacteria_Firmicutes_Clostridia_Oscillospirales_Ruminococcaceae_Incertae-Sedis_NA.20,2143.0,0.8796659467778947,0.0010030712001464995,0.0014324032675050115
Bacteria_Firmicutes_Clostridia_Christensenellales_Christensenellaceae_Christensenellaceae-R-7-group_NA.10,2211.0,0.8766634000655413,0.00023301769435537753,0.000581132171813801
Bacteria_Firmicutes_Clostridia_Lachnospirales_Lachnospiraceae_Lachnospiraceae-NK4A136-group_NA.20,2218.0,0.8737914467605471,0.001362871027972423,0.0006261140854434546
Bacteria_Bacteroidota_Bacteroidia_Bacteroidales_Rikenellaceae_Rikenellaceae-RC9-gut-group_NA.31,2157.5,0.8695947654007079,0.00012301037023430586,0.0009015241212901998
Bacteria_Firmicutes_Clostridia_Peptostreptococcales-Tissierellales_Anaerovoracaceae_Family-XIII-UCG-001_NA.1,2145.5,0.8659420123137007,0.00026865381364974257,0.00030548838053228204
Bacteria_Bacteroidota_Bacteroidia_Bacteroidales_Barnesiellaceae_Barnesiella_NA.6,2146.0,0.8615862807160375,0.002338914982094109,0.0003902286231895113
Bacteria_Bacteroidota_Bacteroidia_Bacteroidales_Bacteroidaceae_Bacteroides_vulgatus.2,2137.0,0.8615590403046878,0.002169388528139374,0.0024059280312765485
Bacteria_Firmicutes_Clostridia_Clostridiales_Clostridiaceae_Clostridium-sensu-stricto-12_NA.25,2143.0,0.8579304638956318,0.00032470025635195256,0.0006115796776015461
Bacteria_Firmicutes_Clostridia_Lachnospirales_Lachnospiraceae_Lachnospiraceae_UCG-004_NA.20,2138.0,0.856051174037182,0.0006454881381721241,0.0005627997813349075
Bacteria_Firmicutes_Clostridia_Clostridia-UCG-014_NA_NA_NA.116,2150.0,0.8520193785295896,0.0001446952529782148,0.0003138703105423629
Bacteria_Firmicutes_Clostridia_Lachnospirales_Lachnospiraceae_Coprococcus_catus.1,2132.0,0.8508154538253635,0.0013171189792269102,0.001250861062473973
Bacteria_Bacteroidota_Bacteroidia_Bacteroidales_Prevotellaceae_Prevotella_9_NA.69,2208.0,0.849272831216976,0.0001536989175235038,0.0005121989123775933
Bacteria_Bacteroidota_Bacteroidia_Bacteroidales_Prevotellaceae_Paraprevotella_NA.9,2133.5,0.8465218903496817,0.0010402368848035145,0.0011546052471372778
Bacteria_Bacteroidota_Bacteroidia_Bacteroidales_Bacteroidaceae_Bacteroides_NA.288,2151.5,0.8448465417528963,0.0002590225673970977,0.00022218364949218652
Bacteria_Firmicutes_Clostridia_Lachnospirales_Lachnospiraceae_Lachnospiraceae_UCG-004_NA.7,2240.0,0.83949939127582,0.0016864617310205939,0.0013788151234761267
Bacteria_Firmicutes_Clostridia_Oscillospirales_Oscillospiraceae_UCG-002_NA.62,2148.0,0.8352993535353154,0.0004963803276292984,0.0001663924312779907
Bacteria_Actinobacteriota_Actinobacteria_Bifidobacteriales_Bifidobacteriaceae_Bifidobacterium_bifidum.1,2141.5,0.830946079629951,0.0003814975687573428,0.0006423736856699948
Bacteria_Firmicutes_Clostridia_Lachnospirales_Lachnospiraceae_Eubacterium-eligens-group_NA.13,2124.0,0.8283934646845542,0.005326179238677789,0.00437728211893362
Bacteria_Bacteroidota_Bacteroidia_Bacteroidales_Bacteroidaceae_Bacteroides_thetaiotaomicron.1,2244.0,0.8283472962291966,0.021466272868538652,0.004162915759369453
Bacteria_Firmicutes_Clostridia_Oscillospirales_Ruminococcaceae_Ruminococcus_champanellensis.2,2229.0,0.8254247759645923,0.00039293159415734036,0.00043820136089127226
Bacteria_Firmicutes_Clostridia_Oscillospirales_Ruminococcaceae_Ruminococcus_bicirculans.1,2123.0,0.8248763466040929,0.003701571937348079,0.002951480115054415
Bacteria_Firmicutes_Clostridia_Christensenellales_Christensenellaceae_Christensenellaceae-R-7-group_NA.76,2145.5,0.8162340377170889,9.274486886311926e-05,0.00016753189524392837
Bacteria_Firmicutes_Clostridia_Oscillospirales_Oscillospiraceae_NK4A214-group_NA.47,2224.0,0.8145484214358758,0.00016230854724256634,0.0002286918177882334
Bacteria_Firmicutes_Clostridia_Lachnospirales_Lachnospiraceae_Fusicatenibacter_saccharivorans.1,2250.0,0.8114008543525726,0.01693301735371233,0.017600075219950793
Bacteria_Firmicutes_Clostridia_Oscillospirales_Oscillospiraceae_UCG-002_NA.17,2250.0,0.8059562710107606,0.0017289881502834156,0.0018668513625846603
Bacteria_Bacteroidota_Bacteroidia_Bacteroidales_Bacteroidaceae_Bacteroides_plebeius.1,2133.0,0.8053451576666395,0.0004945882718085934,0.0019828566749059925
Bacteria_Firmicutes_Clostridia_Christensenellales_Christensenellaceae_Christensenellaceae-R-7-group_NA.63,2136.0,0.7937294384748534,0.0001760632906533255,0.0003518570059575941
Bacteria_Bacteroidota_Bacteroidia_Bacteroidales_Barnesiellaceae_Barnesiella_NA.11,2133.0,0.7898932572113643,0.0008207701247399508,0.0006625689486284939
Bacteria_Bacteroidota_Bacteroidia_Bacteroidales_Barnesiellaceae_Barnesiella_NA.33,2145.0,0.7893813463720663,0.0005423653728296084,0.00033006293393382004
Bacteria_Bacteroidota_Bacteroidia_Bacteroidales_Barnesiellaceae_Barnesiella_NA.40,2112.0,0.7870541598932972,0.0015288215892672581,0.004156918897809208
Bacteria_Firmicutes_Clostridia_Oscillospirales_Oscillospiraceae_NK4A214-group_NA.21,2247.0,0.7863842520326696,0.0005343605333003344,0.0007927253379400095
Bacteria_Firmicutes_Clostridia_Lachnospirales_Lachnospiraceae_NA_NA.43,2120.0,0.7789644615255743,0.00030305390308033926,0.0003921319595097263
Bacteria_Firmicutes_Clostridia_Oscillospirales_Ruminococcaceae_Ruminococcus_bromii.1,2261.0,0.7734085306338292,0.0016897626369727266,0.0017871592665245075
Bacteria_Firmicutes_Clostridia_Oscillospirales_Oscillospiraceae_UCG-003_NA.8,2122.0,0.7705848935599977,0.00030829356767987583,0.00031517931225094825
Bacteria_Bacteroidota_Bacteroidia_Bacteroidales_Rikenellaceae_Alistipes_putredinis.1,2265.0,0.7693197170528041,0.017123870884170476,0.014246137306399282
Bacteria_Firmicutes_Clostridia_Christensenellales_Christensenellaceae_NA_NA.2,2227.0,0.7680961201216719,9.852228039743849e-05,0.00024504476068227144
Bacteria_Firmicutes_Clostridia_Christensenellales_Christensenellaceae_Christensenellaceae-R-7-group_NA.154,2133.5,0.7665318707490344,0.00017386136187139944,0.00042455092359289855
Bacteria_Bacteroidota_Bacteroidia_Bacteroidales_Barnesiellaceae_Barnesiella_NA.23,2234.0,0.7655419349432281,0.00016738495722206045,0.0005288872897137043
Bacteria_Firmicutes_Clostridia_Lachnospirales_Lachnospiraceae_Lachnospiraceae-NK4A136-group_NA.1,2262.5,0.7597980143024785,0.0007395022478404993,0.0006402087893333027
Bacteria_Firmicutes_Clostridia_Monoglobales_Monoglobaceae_Monoglobus_NA.5,2098.0,0.7554178216876601,0.00250072867801807,0.002935476913684253
Bacteria_Cyanobacteria_Vampirivibrionia_Gastranaerophilales_NA_NA_NA.2,2118.5,0.7528915144138989,0.0009339597361378808,0.0007743630349997513
Bacteria_Firmicutes_Clostridia_Oscillospirales_Oscillospiraceae_NK4A214-group_NA.18,2244.0,0.7460128137795754,0.0003448064539570234,0.0006679678963334269
Bacteria_Firmicutes_Clostridia_Christensenellales_Christensenellaceae_Christensenellaceae-R-7-group_NA.2,2275.0,0.7416254409057341,0.012039922862250607,0.012575837163508232
Bacteria_Bacteroidota_Bacteroidia_Bacteroidales_Barnesiellaceae_Coprobacter_NA.10,2256.5,0.7408836719479632,0.0011354131981827292,0.0003642785618633589
Bacteria_Bacteroidota_Bacteroidia_Bacteroidales_Bacteroidaceae_Bacteroides_caccae.1,2090.0,0.7325125112464685,0.002769086933252795,0.002841291475130666
Bacteria_Firmicutes_Clostridia_Lachnospirales_Lachnospiraceae_Agathobacter_NA.120,2243.0,0.7245146977532615,0.00015734671977336075,0.0003277484506138383
Bacteria_Firmicutes_Clostridia_Oscillospirales_Ruminococcaceae_Incertae-Sedis_NA.23,2282.0,0.7212250089592039,0.0013682019393516595,0.0013004107019533885
Bacteria_Bacteroidota_Bacteroidia_Bacteroidales_Bacteroidaceae_Bacteroides_NA.342,2104.5,0.719871416903892,0.00031301148026708226,0.0006279047481140756
Bacteria_Firmicutes_Clostridia_Lachnospirales_Lachnospiraceae_Lachnoclostridium_NA.88,2089.0,0.7169776441364506,0.0005816977244123738,0.0006952392419302472
Bacteria_Firmicutes_Clostridia_Oscillospirales_Oscillospiraceae_NK4A214-group_NA.14,2090.0,0.7168558232571797,0.001022761169737266,0.0009878823273072538
Bacteria_Firmicutes_Clostridia_Peptostreptococcales-Tissierellales_Anaerovoracaceae_Family-XIII-AD3011-group_NA.13,2108.0,0.7125502340723282,0.0002636663218947103,0.0004974730097608277
Bacteria_Firmicutes_Clostridia_Lachnospirales_Lachnospiraceae_Roseburia_inulinivorans.1,2286.0,0.7115548187892413,0.005502871400788944,0.006281902507748973
Bacteria_Bacteroidota_Bacteroidia_Bacteroidales_Rikenellaceae_Alistipes_inops.1,2094.0,0.7094345901806363,0.0008405305910808306,0.0006692978012599989
Bacteria_Firmicutes_Clostridia_Christensenellales_Christensenellaceae_Christensenellaceae-R-7-group_NA.96,2083.0,0.702152553537332,0.0010279905767565938,0.0012413172702658644
Bacteria_Firmicutes_Clostridia_Oscillospirales_Oscillospiraceae_UCG-003_NA.5,2295.0,0.686101303128829,0.0018511711826772143,0.0016385836415611142
Bacteria_Bacteroidota_Bacteroidia_Bacteroidales_Bacteroidaceae_Bacteroides_NA.286,2287.0,0.6850670240045524,0.005377809067687945,0.003996100844058125
Bacteria_Firmicutes_Clostridia_Oscillospirales_Oscillospiraceae_Intestinimonas_NA.7,2278.0,0.677867983250297,0.000610706768045617,0.00048294872093366804
Bacteria_Firmicutes_Clostridia_Oscillospirales_Oscillospiraceae_Colidextribacter_NA.17,2280.0,0.6759546157343723,0.00047442701294558403,0.0004625073251136629
Bacteria_Firmicutes_Clostridia_Lachnospirales_Lachnospiraceae_Eisenbergiella_tayi.1,2110.5,0.6731169579336987,0.00015945963607339595,0.0002982161103559511
Bacteria_Bacteroidota_Bacteroidia_Bacteroidales_Prevotellaceae_Prevotella_9_NA.54,2235.0,0.6624617730508302,9.25292029420655e-05,0.0003367875286843618
Bacteria_Firmicutes_Clostridia_Oscillospirales_Oscillospiraceae_NK4A214-group_NA.35,2091.5,0.655883262279054,0.0002612560652238257,0.00028517560193068545
Bacteria_Bacteroidota_Bacteroidia_Bacteroidales_Rikenellaceae_Alistipes_NA.34,2299.0,0.654275583171855,0.0011985095088271863,0.0011370398057311043
Bacteria_Firmicutes_Clostridia_Clostridia-UCG-014_NA_NA_NA.30,2080.0,0.6535827212976879,0.0007891071137665338,0.002269574906005793
Bacteria_Bacteroidota_Bacteroidia_Bacteroidales_Bacteroidaceae_Bacteroides_coprocola.3,2102.5,0.6480611533904452,0.00047611201629354025,0.0013040456099100404
Bacteria_Bacteroidota_Bacteroidia_Bacteroidales_Porphyromonadaceae_Porphyromonas_NA.22,2104.5,0.6479955161151001,0.0011135553128208177,0.0008965739219194108
Bacteria_Actinobacteriota_Actinobacteria_Bifidobacteriales_Bifidobacteriaceae_Bifidobacterium_longum.2,2057.5,0.6461851147454444,0.01901577641272362,0.008394472063340345
Bacteria_Firmicutes_Clostridia_Lachnospirales_Lachnospiraceae_Lachnospira_NA.19,2063.0,0.6455539853760763,0.0007721411092566798,0.0009796485585604425
Bacteria_Firmicutes_Clostridia_Lachnospirales_Lachnospiraceae_Lachnoclostridium_edouardi.1,2311.0,0.6448850130147216,0.0037710952938299156,0.0024315059498486173
Bacteria_Firmicutes_Clostridia_Oscillospirales_Ruminococcaceae_NA_NA.68,2249.5,0.6448335363819692,9.651852121781935e-05,8.168412948639505e-05
Bacteria_Firmicutes_Clostridia_Clostridia-UCG-014_NA_NA_NA.9,2076.0,0.6411187554776523,0.0004288294819608048,0.00046370365191841475
Bacteria_Firmicutes_Clostridia_Oscillospirales_Oscillospiraceae_UCG-002_NA.64,2054.0,0.6370841424110116,0.0046037321882868385,0.004833155845355856
Bacteria_Firmicutes_Clostridia_Peptostreptococcales-Tissierellales_Anaerovoracaceae_Family-XIII-AD3011-group_NA.12,2279.0,0.6367554647471994,0.0003597136316945764,0.0002637224809120933
Bacteria_Bacteroidota_Bacteroidia_Bacteroidales_Bacteroidaceae_Bacteroides_massiliensis.1,2097.0,0.6300408469046682,0.0007701586586207318,0.000464076998686475
Bacteria_Bacteroidota_Bacteroidia_Bacteroidales_Prevotellaceae_Prevotella_7_NA.11,2076.0,0.6255427170910115,0.008452419479035961,0.001745040582137427
Bacteria_Firmicutes_Clostridia_Oscillospirales_Eubacterium-coprostanoligenes-group_NA_NA.49,2110.0,0.6243286840980196,0.00010253826953672601,0.0002550202025483717
Bacteria_Firmicutes_Clostridia_Oscillospirales_Ruminococcaceae_Faecalibacterium_prausnitzii.2,2107.0,0.6231638767171976,0.0003662063742473798,0.0005535407880677982
Bacteria_Firmicutes_Clostridia_Lachnospirales_Lachnospiraceae_NA_NA.44,2293.5,0.6207275381129477,0.0007753871806588656,0.000963872361260657
Bacteria_Firmicutes_Clostridia_Oscillospirales_Oscillospiraceae_Colidextribacter_NA.10,2291.0,0.6204808940873259,0.0003138825936852565,0.00029470260774143843
Bacteria_Firmicutes_Clostridia_Oscillospirales_Eubacterium-coprostanoligenes-group_NA_NA.37,2079.0,0.6202473810853139,0.00019117973189440942,0.0005128410875324359
Bacteria_Firmicutes_Clostridia_Lachnospirales_Lachnospiraceae_Lachnoclostridium_NA.102,2312.5,0.6142367023589584,0.0007647620434424804,0.0006504943705582807
Bacteria_Bacteroidota_Bacteroidia_Bacteroidales_Bacteroidaceae_Bacteroides_NA.353,2105.0,0.614108485711811,0.000522566801903102,0.00037931093198263245
Bacteria_Firmicutes_Clostridia_Lachnospirales_Lachnospiraceae_Lachnoclostridium_NA.83,2095.5,0.6110603297368682,0.00012590677529406867,0.00029652266068171975
Bacteria_Firmicutes_Clostridia_Clostridia-vadinBB60-group_NA_NA_NA.82,2092.0,0.6103937273878475,0.0003905731960145752,0.0008519527859837861
Bacteria_Firmicutes_Clostridia_Lachnospirales_Lachnospiraceae_Eubacterium-eligens-group_NA.15,2325.5,0.6074792045026438,0.005590373687941113,0.003925023661889391
Bacteria_Bacteroidota_Bacteroidia_Bacteroidales_Rikenellaceae_Alistipes_senegalensis.1,2092.0,0.6016388875656322,0.00015749737332814936,0.0002153873359874355
Bacteria_Firmicutes_Clostridia_Clostridia-UCG-014_NA_NA_NA.6,2270.0,0.601057330723356,0.0002580939064637308,0.0003603615045204488
Bacteria_Firmicutes_Clostridia_Lachnospirales_Lachnospiraceae_Blautia_NA.51,2331.0,0.5935452337917193,0.011553493107187276,0.011628086688004675
Bacteria_Bacteroidota_Bacteroidia_Bacteroidales_Prevotellaceae_Prevotella_9_copri.3,2271.0,0.5910329573718478,0.0006707290094443533,0.0012171202352918168
Bacteria_Firmicutes_Clostridia_Oscillospirales_Oscillospiraceae_UCG-005_NA.62,2036.0,0.590768796156523,0.002410062977604367,0.0030863521378416184
Bacteria_Bacteroidota_Bacteroidia_Bacteroidales_Bacteroidaceae_Bacteroides_eggerthii.1,2070.0,0.5904566545288841,0.00034840871049864877,0.0008892580583923411
Bacteria_Firmicutes_Clostridia_Lachnospirales_Lachnospiraceae_Eubacterium-hallii-group_NA.10,2048.0,0.5890436229399597,0.0006040798692027174,0.0004589672112463789
Bacteria_Firmicutes_Clostridia_Oscillospirales_Butyricicoccaceae_Butyricicoccus_NA.25,2038.0,0.5883307648813654,0.0008413729270142848,0.0007921012090065531
Bacteria_Firmicutes_Clostridia_Oscillospirales_Ruminococcaceae_NA_NA.13,2034.5,0.5871340672320339,0.003362867766974198,0.003266173314693684
Bacteria_Firmicutes_Clostridia_Oscillospirales_Ruminococcaceae_CAG-352_NA.5,2102.0,0.5871104369332163,7.831261809685341e-05,0.0003065355269668519
Bacteria_Bacteroidota_Bacteroidia_Bacteroidales_Prevotellaceae_Paraprevotella_NA.1,2278.0,0.5839710097674294,0.00017048835839190022,0.0006393391340829387
Bacteria_Firmicutes_Clostridia_Lachnospirales_Lachnospiraceae_Lachnospiraceae_UCG-010_NA.16,2060.0,0.5832461064871155,0.0008942955889804795,0.0007416832752475099
Bacteria_Proteobacteria_Alphaproteobacteria_Rhodospirillales_NA_NA_NA.2,2099.0,0.5805697145186395,0.00027220614419452084,0.0008131254275779735
Bacteria_Actinobacteriota_Coriobacteriia_Coriobacteriales_Coriobacteriaceae_Collinsella_aerofaciens.1,2030.0,0.5760205300929531,0.014877206308991926,0.01850044543179567
Bacteria_Firmicutes_Clostridia_Lachnospirales_Lachnospiraceae_Lachnospiraceae_UCG-003_NA.9,2321.0,0.5751425467516518,0.0006955192157997378,0.0009255100778502134
Bacteria_Firmicutes_Clostridia_Oscillospirales_UCG-010_NA_NA.51,2083.0,0.5663780434473102,0.00010312426951522303,0.00021770501892582432
Bacteria_Firmicutes_Clostridia_Oscillospirales_Ruminococcaceae_Faecalibacterium_prausnitzii.4,2030.5,0.5551564009091616,0.0011730178951720775,0.002163737868957191
Bacteria_Firmicutes_Clostridia_Christensenellales_Christensenellaceae_Christensenellaceae-R-7-group_NA.165,2324.0,0.5522123844954756,0.0008089754913362929,0.0011407638196346006
Bacteria_Firmicutes_Clostridia_Christensenellales_Christensenellaceae_Christensenellaceae-R-7-group_NA.43,2066.0,0.5503344347832526,0.00024166123894973153,0.000295379126969695
Bacteria_Firmicutes_Clostridia_Lachnospirales_Lachnospiraceae_Butyrivibrio_crossotus.1,2019.0,0.5437093157260253,0.002724692445953402,0.0071054190837143
Bacteria_Bacteroidota_Bacteroidia_Bacteroidales_Bacteroidaceae_Bacteroides_intestinalis.1,2047.0,0.539988036097816,0.0004843556135515085,0.0008038807119704135
Bacteria_Firmicutes_Clostridia_Lachnospirales_Lachnospiraceae_Blautia_obeum.1,2015.0,0.5393049934188836,0.0026749135437821986,0.0031543874948425487
Bacteria_Actinobacteriota_Coriobacteriia_Coriobacteriales_Coriobacteriaceae_Collinsella_NA.7,2251.0,0.5340670119270583,6.365546926643375e-05,0.00032201109595654726
Bacteria_Bacteroidota_Bacteroidia_Bacteroidales_Bacteroidaceae_Bacteroides_NA.290,2339.0,0.5334280637379398,0.006319873175350883,0.0033507975613220023
Bacteria_Firmicutes_Clostridia_Lachnospirales_Lachnospiraceae_NA_NA.31,2067.5,0.5321600312412602,0.0003751005808372443,0.00019517388817753915
Bacteria_Firmicutes_Clostridia_Oscillospirales_Oscillospiraceae_Colidextribacter_NA.14,2052.5,0.5316748208471049,0.00029284784656185073,0.0004952911589528863
Bacteria_Firmicutes_Clostridia_Lachnospirales_Lachnospiraceae_NA_NA.59,2356.0,0.5312698972331884,0.005343154998961974,0.0023576893559552428
Bacteria_Bacteroidota_Bacteroidia_Bacteroidales_Barnesiellaceae_Barnesiella_intestinihominis.2,2324.0,0.5311182533280314,0.0019416752923141637,0.0006757836850560617
Bacteria_Firmicutes_Clostridia_Oscillospirales_UCG-010_NA_NA.18,2051.0,0.5298301825013567,0.0003599305919201325,0.000690821315240328
Bacteria_Firmicutes_Clostridia_Oscillospirales_Ruminococcaceae_Ruminococcus_NA.13,2029.0,0.5284799616941341,0.000897116972580118,0.0011264554915612832
Bacteria_Firmicutes_Clostridia_Clostridia-UCG-014_NA_NA_NA.53,2033.0,0.5278904611768527,0.00036884110950054683,0.0006595567268602528
Bacteria_Firmicutes_Clostridia_Lachnospirales_Lachnospiraceae_Lachnoclostridium_NA.53,2255.0,0.5269233277382808,0.0005577714980193946,5.551318042202043e-05
Bacteria_Firmicutes_Clostridia_Lachnospirales_Lachnospiraceae_Roseburia_intestinalis.1,2024.0,0.5248366339022936,0.0013965375047565642,0.0021843989595014724
Bacteria_Actinobacteriota_Coriobacteriia_Coriobacteriales_Eggerthellaceae_Slackia_isoflavoniconvertens.1,2311.0,0.523814650464007,0.0008446539100007232,0.00025852596203715226
Bacteria_Firmicutes_Clostridia_Oscillospirales_Eubacterium-coprostanoligenes-group_NA_NA.55,2084.0,0.5227553978711579,0.0001244916257066919,0.0002858202817257909
Bacteria_Bacteroidota_Bacteroidia_Bacteroidales_Bacteroidaceae_Bacteroides_stercoris.1,2010.0,0.5218899790223415,0.009384166348431016,0.004906822855661727
Bacteria_Bacteroidota_Bacteroidia_Bacteroidales_Bacteroidaceae_Bacteroides_intestinalis.3,2082.0,0.521583057150518,0.00010062541797557633,0.0002659264834989736
Bacteria_Bacteroidota_Bacteroidia_Bacteroidales_Bacteroidaceae_Bacteroides_caccae.2,2006.0,0.5128732193766126,0.0017241378657420411,0.0028491645268500306
Bacteria_Firmicutes_Clostridia_Oscillospirales_Ruminococcaceae_Eubacterium-siraeum-group_NA.13,2069.5,0.5100132912024083,5.870417599902763e-05,0.00031961717556883634
Bacteria_Firmicutes_Clostridia_Oscillospirales_Ruminococcaceae_Faecalibacterium_prausnitzii.5,2366.0,0.5084763295134349,0.04176668563425858,0.039010647032986526
Bacteria_Bacteroidota_Bacteroidia_Bacteroidales_Bacteroidaceae_Bacteroides_coprocola.4,2027.0,0.506589151975347,0.000375936867814806,0.002378905885816048
Bacteria_Firmicutes_Clostridia_Oscillospirales_Ruminococcaceae_Subdoligranulum_NA.18,2000.0,0.5038156680149766,0.006945775727054195,0.007506105306323593
Bacteria_Bacteroidota_Bacteroidia_Bacteroidales_Prevotellaceae_Prevotella_7_NA.8,2302.0,0.5026118450149226,0.0015359298513948523,0.0004508735323838728
Bacteria_Firmicutes_Clostridia_Lachnospirales_Lachnospiraceae_Lachnospiraceae-NK4A136-group_NA.52,2371.0,0.49686658767211966,0.009706332748637723,0.006169622889614535
Bacteria_Firmicutes_Clostridia_Oscillospirales_UCG-010_NA_NA.66,2047.0,0.49516023065018744,0.0002806206189853216,0.00033143767111841834
Bacteria_Bacteroidota_Bacteroidia_Bacteroidales_Bacteroidaceae_Bacteroides_NA.359,2294.0,0.4893004320531503,0.0010720970640084092,0.000693747280139369
Bacteria_Firmicutes_Clostridia_Oscillospirales_Oscillospiraceae_UCG-005_NA.41,2038.5,0.48875299342746337,0.0002409344187172447,0.00037106100415201755
Bacteria_Firmicutes_Clostridia_Clostridia-vadinBB60-group_NA_NA_NA.61,2048.0,0.48711092931201216,0.0002461492049768265,0.0005408173525915912
Bacteria_Bacteroidota_Bacteroidia_Bacteroidales_Muribaculaceae_CAG-873_NA.3,2033.0,0.4867951922904251,0.00027487038122762404,0.0034803812757067012
Bacteria_Bacteroidota_Bacteroidia_Bacteroidales_Bacteroidaceae_Bacteroides_massiliensis.2,2009.0,0.4866099308055959,0.001705775932441809,0.0019765938778798574
Bacteria_Bacteroidota_Bacteroidia_Bacteroidales_Bacteroidaceae_Bacteroides_NA.304,2352.0,0.48558181751633556,0.004621682900219883,0.003504658687446164
Bacteria_Bacteroidota_Bacteroidia_Bacteroidales_Bacteroidaceae_Bacteroides_NA.396,2318.0,0.485469521626822,0.0006898704696020787,0.0010622398190932244
Bacteria_Bacteroidota_Bacteroidia_Bacteroidales_Bacteroidaceae_Bacteroides_NA.331,2073.0,0.4853421369284502,8.192812177014237e-05,0.0003293706338589063
Bacteria_Firmicutes_Clostridia_Clostridia-UCG-014_NA_NA_NA.118,2302.5,0.4834790472567415,0.00019034682876562943,0.00034926838959119764
Bacteria_Firmicutes_Clostridia_Oscillospirales_Oscillospiraceae_UCG-002_NA.13,2057.0,0.4811795762144533,0.00012420814107525995,0.0003947256374433661
Bacteria_Firmicutes_Clostridia_Lachnospirales_Lachnospiraceae_Lachnoclostridium_NA.98,2316.0,0.4788294113927932,0.00027998882449920627,0.00033453333293247014
Bacteria_Bacteroidota_Bacteroidia_Bacteroidales_Bacteroidaceae_Bacteroides_vulgatus.4,2001.0,0.4772351971903497,0.0009126669993411995,0.0016915691982698684
Bacteria_Firmicutes_Clostridia_Clostridia-UCG-014_NA_NA_NA.103,2294.0,0.4739729018275116,0.00020288842767826693,0.00018348601036151035
Bacteria_Firmicutes_Clostridia_Oscillospirales_Ruminococcaceae_Ruminococcus_NA.18,2040.0,0.4733091613461874,0.0004646742050114941,0.00048499039844541206
Bacteria_Bacteroidota_Bacteroidia_Bacteroidales_Tannerellaceae_Parabacteroides_distasonis.10,2033.0,0.47241639886188524,0.0005635644226785057,0.0008257527069423355
Bacteria_Firmicutes_Clostridia_Lachnospirales_Lachnospiraceae_Coprococcus_eutactus.1,1987.0,0.4716020696844403,0.0026807728711971575,0.002568717848638014
Bacteria_Bacteroidota_Bacteroidia_Bacteroidales_Rikenellaceae_Rikenellaceae-RC9-gut-group_NA.44,2052.5,0.4708424313893753,0.0001570901365178742,0.0020553848120676036
Bacteria_Bacteroidota_Bacteroidia_Bacteroidales_Barnesiellaceae_Barnesiella_NA.7,2299.0,0.46968375568463727,0.00042418177040740994,0.0005289446793534487
Bacteria_Firmicutes_Clostridia_Clostridia-UCG-014_NA_NA_NA.51,2022.0,0.4684083467562088,0.00031523366210089694,0.0006888612959996231
Bacteria_Firmicutes_Clostridia_Lachnospirales_Lachnospiraceae_Lachnospiraceae-NK4A136-group_NA.48,2384.0,0.46679730066421443,0.0020787026984554337,0.001763552902052395
Bacteria_Verrucomicrobiota_Verrucomicrobiae_Verrucomicrobiales_Akkermansiaceae_Akkermansia_muciniphila.2,1987.0,0.46214903004706265,0.004881094918144607,0.010410683395314419
Bacteria_Firmicutes_Clostridia_Oscillospirales_Oscillospiraceae_UCG-005_NA.40,2299.0,0.4620647957375994,0.00027095827102505647,0.0002172617709081671
Bacteria_Firmicutes_Clostridia_Lachnospirales_Lachnospiraceae_Roseburia_hominis.1,2380.0,0.4517024976355287,0.0018586252825030039,0.0017405474099860749
Bacteria_Bacteroidota_Bacteroidia_Bacteroidales_Bacteroidaceae_Bacteroides_uniformis.3,2022.0,0.4498355749838986,0.00039042376304020544,0.0012488933421088153
Bacteria_Firmicutes_Clostridia_Oscillospirales_Ruminococcaceae_Ruminococcus_bromii.2,1976.0,0.4477609239234316,0.0025780365595972623,0.002564687290041921
Bacteria_Firmicutes_Clostridia_Christensenellales_Christensenellaceae_Christensenellaceae-R-7-group_NA.131,1975.0,0.4470526879540818,0.0037095701126923226,0.0035646475180964635
Bacteria_Firmicutes_Clostridia_Clostridiales_Clostridiaceae_Clostridium-sensu-stricto-12_paraputrificum.1,2061.0,0.44667351144181333,0.0002025965263971564,0.0005882530904758738
Bacteria_Firmicutes_Clostridia_Oscillospirales_Oscillospiraceae_UCG-002_NA.31,2339.0,0.44378918536311107,0.002040035357818402,0.0008713381781106831
Bacteria_Firmicutes_Clostridia_Lachnospirales_Lachnospiraceae_Roseburia_NA.20,2395.0,0.44060995690336946,0.0017121471793638248,0.0014844434887046995
Bacteria_Firmicutes_Clostridia_Oscillospirales_Ruminococcaceae_NA_NA.38,2039.5,0.43804150474784376,0.0009402694603801329,0.0021831257721348016
Bacteria_Bacteroidota_Bacteroidia_Bacteroidales_Bacteroidaceae_Bacteroides_NA.277,1978.0,0.4375067358554079,0.005003094376036125,0.003058923397116085
Bacteria_Bacteroidota_Bacteroidia_Bacteroidales_Bacteroidaceae_Bacteroides_NA.311,1970.0,0.43574906080234377,0.002291564002890776,0.003275475172364301
Bacteria_Firmicutes_Clostridia_Oscillospirales_Oscillospiraceae_Oscillibacter_NA.3,1966.5,0.4277596479944704,0.0012727130984018246,0.001543258508422971
Bacteria_Bacteroidota_Bacteroidia_Bacteroidales_Bacteroidaceae_Bacteroides_NA.310,2076.5,0.42611907290870066,0.00020690749412511365,0.00037725051355113416
Bacteria_Bacteroidota_Bacteroidia_Bacteroidales_Bacteroidaceae_Bacteroides_NA.320,2350.5,0.4213826787257575,0.0021382879207732953,0.0005046625699132077
Bacteria_Firmicutes_Clostridia_Lachnospirales_Lachnospiraceae_Blautia_NA.26,2322.0,0.4206554361100846,0.00808278746825611,0.00045075895107118583
Bacteria_Firmicutes_Clostridia_Lachnospirales_Lachnospiraceae_Anaerostipes_NA.18,1973.5,0.4196899695496965,0.0007080862224944154,0.00072901465919357
Bacteria_Firmicutes_Clostridia_Clostridia-UCG-014_NA_NA_NA.15,1980.0,0.41838379933962955,0.0008966081791435377,0.0015420456454361775
Bacteria_Bacteroidota_Bacteroidia_Bacteroidales_Rikenellaceae_Rikenellaceae-RC9-gut-group_NA.34,2052.0,0.41399663661697306,7.344629638353154e-05,0.0014651133133716289
Bacteria_Fusobacteriota_Fusobacteriia_Fusobacteriales_Fusobacteriaceae_Fusobacterium_necrophorum.1,2308.0,0.4105814454392851,0.005418804948913412,0.00020046705581147785
Bacteria_Firmicutes_Clostridia_Lachnospirales_Lachnospiraceae_Ruminococcus-torques-group_NA.24,2380.0,0.40672702784919135,0.0019307360522625256,0.0005727378190155455
Bacteria_Actinobacteriota_Coriobacteriia_Coriobacteriales_Eggerthellaceae_Senegalimassilia_NA.7,2355.0,0.40539501448095827,0.0007715382826823384,0.0003700368095673512
Bacteria_Bacteroidota_Bacteroidia_Bacteroidales_Bacteroidaceae_Bacteroides_NA.343,2291.5,0.4009493292583678,0.0001351256898517964,0.00021507397674760275
Bacteria_Firmicutes_Clostridia_Oscillospirales_Ruminococcaceae_Eubacterium-siraeum-group_NA.14,2331.0,0.3908956696765373,0.0006351589045467387,0.00046368621328365386
Bacteria_Bacteroidota_Bacteroidia_Bacteroidales_Rikenellaceae_Rikenellaceae-RC9-gut-group_NA.48,2405.0,0.3874118285643581,0.0015779997368371224,0.005419074300279407
Bacteria_Firmicutes_Clostridia_Lachnospirales_Lachnospiraceae_Lachnospiraceae_UCG-010_NA.4,2423.0,0.3847347072075523,0.0039237802456391245,0.0032634149229749843
Bacteria_Firmicutes_Clostridia_Lachnospirales_Lachnospiraceae_NA_NA.32,2411.5,0.3795347365090318,0.0009777467879146622,0.0009548726162961631
Bacteria_Bacteroidota_Bacteroidia_Bacteroidales_Tannerellaceae_Parabacteroides_distasonis.3,1953.0,0.3789587943128394,0.0006930165903193615,0.0015060850802679259
Bacteria_Firmicutes_Clostridia_Oscillospirales_Butyricicoccaceae_Butyricicoccus_NA.11,2037.0,0.3774606361835081,8.230848497739676e-05,0.0001607975613928649
Bacteria_Firmicutes_Clostridia_Peptostreptococcales-Tissierellales_Peptostreptococcaceae_Romboutsia_NA.10,1941.5,0.3764834333541589,0.001451673974182009,0.0017512054475022558
Bacteria_Firmicutes_Clostridia_Lachnospirales_Lachnospiraceae_Blautia_NA.6,2007.0,0.3737649364535688,0.0004265199158333503,0.00035107639208248895
Bacteria_Bacteroidota_Bacteroidia_Bacteroidales_Rikenellaceae_Alistipes_NA.28,2348.0,0.3734401589887423,0.00046872708758846827,0.0004846398260647758
Bacteria_Bacteroidota_Bacteroidia_Bacteroidales_Bacteroidaceae_Bacteroides_NA.372,1938.0,0.3705872272356048,0.004455608815269554,0.009652321690200968
Bacteria_Firmicutes_Clostridia_Oscillospirales_Oscillospiraceae_UCG-002_NA.30,1943.0,0.3700826686103481,0.0016650972841479727,0.003116157751775261
Bacteria_Bacteroidota_Bacteroidia_Bacteroidales_Prevotellaceae_Prevotella_9_NA.113,2032.0,0.3683062216286116,0.00017659221012455487,0.0008310057254037745
Bacteria_Bacteroidota_Bacteroidia_Bacteroidales_Prevotellaceae_Prevotella_9_NA.134,2059.0,0.3662232659360056,6.605248232836729e-05,0.000440392900942701
Bacteria_Verrucomicrobiota_Verrucomicrobiae_Verrucomicrobiales_Akkermansiaceae_Akkermansia_NA.5,2004.0,0.3656978904555339,0.00020745885279221197,0.0019416025135753972
Bacteria_Bacteroidota_Bacteroidia_Bacteroidales_Bacteroidaceae_Bacteroides_ovatus.1,2401.0,0.3656473066819279,0.0011469389583819059,0.0015285847648443946
Bacteria_Actinobacteriota_Coriobacteriia_Coriobacteriales_Eggerthellaceae_NA_NA.2,1936.5,0.3655285274787484,0.0014910402573283831,0.0018581778358005678
Bacteria_Firmicutes_Clostridia_Lachnospirales_Lachnospiraceae_Agathobacter_NA.87,1935.0,0.3653086754882834,0.05803822095202896,0.06278506323591243
Bacteria_Firmicutes_Clostridia_Lachnospirales_Lachnospiraceae_Dorea_formicigenerans.1,2434.5,0.36230958639328603,0.0020979900305722627,0.001984643430246156
Bacteria_Firmicutes_Clostridia_Oscillospirales_Eubacterium-coprostanoligenes-group_NA_NA.48,1957.0,0.3598402471669683,0.0007959565085063586,0.0008240066106000422
Bacteria_Bacteroidota_Bacteroidia_Bacteroidales_Barnesiellaceae_Barnesiella_NA.1,2026.0,0.3563111235922265,0.00211072515750079,0.0005464723469292318
Bacteria_Bacteroidota_Bacteroidia_Bacteroidales_Bacteroidaceae_Bacteroides_fragilis.4,2438.0,0.353974173227257,0.00894808578642072,0.006825773890326669
Bacteria_Bacteroidota_Bacteroidia_Bacteroidales_Bacteroidaceae_Bacteroides_massiliensis.3,1954.0,0.3535125636820503,0.0008532352841488655,0.001669271228771768
Bacteria_Bacteroidota_Bacteroidia_Bacteroidales_Prevotellaceae_Alloprevotella_NA.39,2324.0,0.3526416332647331,0.0004971201694060632,0.0004270139486364741
Bacteria_Bacteroidota_Bacteroidia_Bacteroidales_Tannerellaceae_Parabacteroides_distasonis.9,1931.0,0.34959537788636974,0.0017361913433005093,0.002827626604373774
Bacteria_Bacteroidota_Bacteroidia_Bacteroidales_Bacteroidaceae_Bacteroides_vulgatus.1,1926.0,0.3482014776300023,0.011203495348488102,0.016681114703673353
Bacteria_Bacteroidota_Bacteroidia_Bacteroidales_Marinifilaceae_Butyricimonas_virosa.2,2345.0,0.347224325043313,0.0006248906712164073,0.00023634158761655458
Bacteria_Firmicutes_Clostridia_Clostridia-UCG-014_NA_NA_NA.46,2342.0,0.3426948823451015,0.0002682313565942106,0.0003299247709203119
Bacteria_Bacteroidota_Bacteroidia_Bacteroidales_Tannerellaceae_Parabacteroides_distasonis.6,1966.0,0.34111413858898976,0.00034621658926659444,0.0010081884301955497
Bacteria_Firmicutes_Clostridia_Lachnospirales_Lachnospiraceae_Frisingicoccus_NA.1,1987.0,0.33760794439821606,0.00017854084693306638,0.00042300741529515746
Bacteria_Bacteroidota_Bacteroidia_Bacteroidales_Bacteroidaceae_Bacteroides_NA.383,2044.0,0.3331168797083016,0.00017179528173023794,0.0002856830180631032
Bacteria_Firmicutes_Clostridia_Oscillospirales_Oscillospiraceae_Intestinimonas_NA.16,1923.0,0.33251833593021385,0.0006263209469422254,0.0008041048920982893
Bacteria_Firmicutes_Clostridia_Lachnospirales_Lachnospiraceae_Ruminococcus-gnavus-group_NA.10,2449.5,0.3312651725954172,0.00593788580969442,0.005289779113138998
Bacteria_Bacteroidota_Bacteroidia_Bacteroidales_Muribaculaceae_NA_NA.137,2022.0,0.33057722826353186,7.673467498530146e-05,0.0008529919773188198
Bacteria_Firmicutes_Clostridia_Lachnospirales_Lachnospiraceae_Coprococcus_comes.1,2453.0,0.3279966718404328,0.005320162189823233,0.004776366840834423
Bacteria_Firmicutes_Clostridia_Lachnospirales_Lachnospiraceae_Ruminococcus-gauvreauii-group_NA.5,2455.0,0.3235816165465778,0.0028928646886513393,0.001854126658359966
Bacteria_Bacteroidota_Bacteroidia_Bacteroidales_Bacteroidaceae_Bacteroides_vulgatus.5,1912.0,0.32262099570394287,0.022970228701178524,0.027318222317641108
Bacteria_Bacteroidota_Bacteroidia_Bacteroidales_Porphyromonadaceae_Porphyromonas_NA.30,2383.5,0.3200025875066492,0.0008412444428007175,0.0014146673963284363
Bacteria_Bacteroidota_Bacteroidia_Bacteroidales_Barnesiellaceae_Barnesiella_NA.57,2040.0,0.3194411653343687,4.545971133083305e-05,0.0002992917255830499
Bacteria_Firmicutes_Clostridia_Christensenellales_Christensenellaceae_Christensenellaceae-R-7-group_NA.104,1911.0,0.3175648730757168,0.0013600547096848821,0.0020914831313688566
Bacteria_Firmicutes_Clostridia_Oscillospirales_Oscillospiraceae_NK4A214-group_NA.48,1927.5,0.315632124092451,0.0009486987118864109,0.0009266577618590422
Bacteria_Bacteroidota_Bacteroidia_Bacteroidales_Bacteroidaceae_Bacteroides_NA.307,2435.0,0.3097663640196592,0.004507386752333408,0.0016384179412414902
Bacteria_Bacteroidota_Bacteroidia_Bacteroidales_Bacteroidaceae_Bacteroides_NA.374,2376.0,0.30239382620576327,0.0008792029678199639,0.0007950445041171812
Bacteria_Firmicutes_Clostridia_Christensenellales_Christensenellaceae_Christensenellaceae-R-7-group_NA.99,2442.0,0.2978788147265551,0.001989003527038295,0.0015119029198653047
Bacteria_Bacteroidota_Bacteroidia_Bacteroidales_Muribaculaceae_NA_NA.3,2005.0,0.2958354135473743,0.00010499169256615636,0.001018939576877195
Bacteria_Firmicutes_Clostridia_Oscillospirales_Ruminococcaceae_Faecalibacterium_prausnitzii.1,2473.0,0.29325054624311875,0.034895083497312046,0.01906064785470339
Bacteria_Firmicutes_Clostridia_Oscillospirales_Ruminococcaceae_Faecalibacterium_prausnitzii.6,2464.0,0.2922245796511822,0.0036930371471997517,0.002043369953354769
Bacteria_Firmicutes_Clostridia_Lachnospirales_Lachnospiraceae_Lachnoclostridium_NA.100,2026.5,0.2860159948752623,0.00011410372153676397,0.0003899938890866368
Bacteria_Firmicutes_Clostridia_Oscillospirales_Oscillospiraceae_UCG-002_NA.36,2394.0,0.28263450100685017,0.0007457098564949923,0.0006066958088535724
Bacteria_Firmicutes_Clostridia_Oscillospirales_Oscillospiraceae_UCG-005_NA.22,1888.0,0.28168604751979287,0.0035086824863250848,0.0044342227851864365
Bacteria_Bacteroidota_Bacteroidia_Bacteroidales_Bacteroidaceae_Bacteroides_caccae.3,1971.5,0.28120880549785865,0.0003954716475203655,0.0005863689715583384
Bacteria_Firmicutes_Clostridia_Oscillospirales_Oscillospiraceae_UCG-002_NA.55,1886.0,0.27845131734073125,0.009880167790573461,0.009455788569115348
Bacteria_Bacteroidota_Bacteroidia_Bacteroidales_Prevotellaceae_Prevotella_9_NA.66,2392.0,0.2782850231749604,0.00044610128301461556,0.0011592261925316883
Bacteria_Firmicutes_Clostridia_Lachnospirales_Lachnospiraceae_Lachnospira_pectinoschiza.2,1886.0,0.2751983334799991,0.0011296205475281402,0.0014288207457416097
Bacteria_Bacteroidota_Bacteroidia_Bacteroidales_Prevotellaceae_Prevotella_9_NA.75,2418.5,0.2704118350727033,0.0004887483959739758,0.0016041085816503
Bacteria_Firmicutes_Clostridia_Lachnospirales_Lachnospiraceae_Lachnoclostridium_NA.92,2416.0,0.26903720829778166,0.0006879788751480136,0.00034098685593399273
Bacteria_Firmicutes_Clostridia_Christensenellales_Christensenellaceae_Christensenellaceae-R-7-group_NA.34,2410.0,0.26746394745955937,0.00038934723757280015,0.0003267401891608743
Bacteria_Firmicutes_Clostridia_Lachnospirales_Lachnospiraceae_Dorea_longicatena.1,2493.0,0.2610646385790316,0.009030608370124432,0.007736694641060028
Bacteria_Firmicutes_Clostridia_Lachnospirales_Lachnospiraceae_NA_NA.77,2448.0,0.25321585181527617,0.000594123800744341,0.0003066190882921089
Bacteria_Bacteroidota_Bacteroidia_Bacteroidales_Prevotellaceae_Prevotella_7_NA.18,1911.0,0.25307019417434673,0.0024133150942825515,0.0041858407551138505
Bacteria_Firmicutes_Clostridia_Oscillospirales_Ruminococcaceae_Eubacterium-siraeum-group_NA.15,1869.5,0.2525847638088714,0.002916746048119771,0.004621065724162037
Bacteria_Firmicutes_Clostridia_Oscillospirales_Ruminococcaceae_Faecalibacterium_NA.8,1867.5,0.24927549981539032,0.002245982190358544,0.0030551415151283704
Bacteria_Firmicutes_Clostridia_Oscillospirales_Oscillospiraceae_UCG-005_NA.39,1892.5,0.2421314490017884,0.00039857479201366435,0.0010145927667084978
Bacteria_Firmicutes_Clostridia_Oscillospirales_Oscillospiraceae_Flavonifractor_plautii.1,2469.0,0.2395468677832454,0.0012644633493251308,0.0006097990503452339
Bacteria_Proteobacteria_Alphaproteobacteria_Rhodospirillales_NA_NA_NA.6,1955.5,0.2379709078981075,0.00010817310068234538,0.001310160425846997
Bacteria_Firmicutes_Clostridia_Lachnospirales_Lachnospiraceae_Lachnoclostridium_NA.68,1857.0,0.23379144886737935,0.0016819782215112726,0.0026694875351203295
Bacteria_Firmicutes_Clostridia_Lachnospirales_Lachnospiraceae_Eisenbergiella_massiliensis.1,2353.0,0.23211530542998426,0.0002732135915414227,0.00010381548975159532
Bacteria_Bacteroidota_Bacteroidia_Bacteroidales_Prevotellaceae_Prevotella_9_NA.88,2377.0,0.2317691982620742,0.001962810907598011,0.0011539432115879977
Bacteria_Firmicutes_Clostridia_Lachnospirales_Lachnospiraceae_Anaerostipes_hadrus.1,1855.0,0.23139926353461193,0.0021826076902757294,0.002579614726516465
Bacteria_Bacteroidota_Bacteroidia_Bacteroidales_Porphyromonadaceae_Porphyromonas_NA.34,2412.5,0.22898456753821883,0.0012226225637892855,0.00044320045043896243
Bacteria_Firmicutes_Clostridia_Lachnospirales_Lachnospiraceae_Agathobacter_NA.91,1996.0,0.22845766641854226,0.00020576558631088242,0.0003379547677112131
Bacteria_Firmicutes_Clostridia_Lachnospirales_Lachnospiraceae_Ruminococcus-torques-group_NA.29,1964.0,0.22694323724894783,0.00010324478714667338,0.00026845308489764305
Bacteria_Actinobacteriota_Coriobacteriia_Coriobacteriales_Eggerthellaceae_Adlercreutzia_NA.6,2052.0,0.21884932654777445,0.0,7.167998043961361e-05
Bacteria_Firmicutes_Clostridia_Oscillospirales_Oscillospiraceae_UCG-002_NA.2,1841.0,0.21212548529147135,0.01056581381474952,0.014688767755741988
Bacteria_Firmicutes_Clostridia_Oscillospirales_Eubacterium-coprostanoligenes-group_NA_NA.17,1837.0,0.20682712048325735,0.005298773214895912,0.006057052291577095
Bacteria_Firmicutes_Clostridia_Oscillospirales_Oscillospiraceae_NA_NA.16,2528.0,0.20387947529496286,0.0017816327090745046,0.0012362078414335867
Bacteria_Firmicutes_Clostridia_Oscillospirales_Ruminococcaceae_UBA1819_NA.4,2519.5,0.20374374980054333,0.0013325324600358408,0.001235301006576849
Bacteria_Bacteroidota_Bacteroidia_Bacteroidales_Prevotellaceae_Prevotella_9_NA.78,2483.0,0.20337621382645477,0.0014729476133537086,0.003434553814830834
Bacteria_Actinobacteriota_Coriobacteriia_Coriobacteriales_Eggerthellaceae_Adlercreutzia_equolifaciens.3,2040.0,0.1977962255762884,0.0,6.0891659759258595e-05
Bacteria_Bacteroidota_Bacteroidia_Bacteroidales_Rikenellaceae_Alistipes_obesi.1,1835.0,0.1948336711970342,0.0014403156420523713,0.0013070501365170543
Bacteria_Firmicutes_Clostridia_Oscillospirales_Ruminococcaceae_CAG-352_NA.6,2477.5,0.19303471115184956,0.0007409117043217409,0.0006896685816750624
Bacteria_Bacteroidota_Bacteroidia_Bacteroidales_Bacteroidaceae_Bacteroides_uniformis.5,1826.0,0.1927839921400859,0.021762775951686616,0.027826877220764077
Bacteria_Bacteroidota_Bacteroidia_Bacteroidales_Prevotellaceae_Prevotella_9_NA.108,1916.0,0.18486702317201886,0.0001739762744666098,0.0012529731057312548
Bacteria_Firmicutes_Clostridia_Oscillospirales_Ruminococcaceae_CAG-352_NA.8,1823.0,0.18299523644355808,0.00301209739190207,0.002767751831503881
Bacteria_Bacteroidota_Bacteroidia_Bacteroidales_Prevotellaceae_Prevotella_9_copri.2,2508.0,0.18110980156691847,0.005865954212290473,0.005943141270804902
Bacteria_Bacteroidota_Bacteroidia_Bacteroidales_Rikenellaceae_Alistipes_shahii.2,1828.0,0.17922883657409283,0.0013888107650169414,0.0016211208654166932
Bacteria_Firmicutes_Clostridia_Clostridia-vadinBB60-group_NA_NA_NA.56,1930.0,0.17667261151888958,0.0001525841533160068,0.00041458128156790996
Bacteria_Firmicutes_Clostridia_Oscillospirales_Ruminococcaceae_Eubacterium-siraeum-group_NA.12,1817.0,0.17489249971256804,0.0009833085033706189,0.001611260828070188
Bacteria_Bacteroidota_Bacteroidia_Bacteroidales_Bacteroidaceae_Bacteroides_plebeius.2,2456.0,0.17485966653584373,0.0005980460227090877,0.0012868681624625799
Bacteria_Bacteroidota_Bacteroidia_Bacteroidales_Prevotellaceae_Prevotellaceae-NK3B31-group_NA.2,1960.5,0.1726398043741083,8.063860162847903e-05,0.000417693151088933
Bacteria_Firmicutes_Clostridia_Christensenellales_Christensenellaceae_Christensenellaceae-R-7-group_NA.119,1807.0,0.1700192028166997,0.0026788025502389044,0.0031201232806855714
Bacteria_Firmicutes_Clostridia_Peptostreptococcales-Tissierellales_Peptostreptococcaceae_Intestinibacter_bartlettii.1,2561.0,0.16952677597500598,0.002441377422360866,0.0018695844509033673
Bacteria_Bacteroidota_Bacteroidia_Bacteroidales_Tannerellaceae_Parabacteroides_distasonis.1,2501.5,0.16325736042587824,0.0012902046924280987,0.0009526752913048094
Bacteria_Bacteroidota_Bacteroidia_Bacteroidales_Rikenellaceae_Alistipes_NA.40,1869.0,0.16236311804909542,0.0008091794914357906,0.002197836763878684
Bacteria_Firmicutes_Clostridia_Christensenellales_Christensenellaceae_Christensenellaceae-R-7-group_NA.141,1833.0,0.16229271275891166,0.0004970729066636288,0.000878349564215007
Bacteria_Bacteroidota_Bacteroidia_Bacteroidales_Bacteroidaceae_Bacteroides_coprocola.2,2016.0,0.16191779794683592,0.0,0.000329097464157289
Bacteria_Firmicutes_Clostridia_Lachnospirales_Lachnospiraceae_CAG-56_NA.6,1798.0,0.15934272793193394,0.0016131705095030913,0.0019531786731840552
Bacteria_Bacteroidota_Bacteroidia_Bacteroidales_Prevotellaceae_Prevotella_9_NA.136,2462.0,0.15837793721165483,0.0007531712326431504,0.0014226159703627636
Bacteria_Bacteroidota_Bacteroidia_Bacteroidales_Tannerellaceae_Parabacteroides_distasonis.7,1896.5,0.15813998445447452,0.00017065533673901243,0.0005896812646717314
Bacteria_Firmicutes_Clostridia_Oscillospirales_Ruminococcaceae_Faecalibacterium_NA.13,1792.0,0.1537959600104406,0.017361659153673385,0.018309338596354047
Bacteria_Firmicutes_Clostridia_Christensenellales_Christensenellaceae_Christensenellaceae-R-7-group_NA.128,1792.0,0.15338264325992437,0.0035132454600528182,0.004434492322702761
Bacteria_Firmicutes_Clostridia_Lachnospirales_Lachnospiraceae_Blautia_NA.18,1792.0,0.15066324053052893,0.001202844294626782,0.001189664754604096
Bacteria_Bacteroidota_Bacteroidia_Bacteroidales_Bacteroidaceae_Bacteroides_NA.339,2345.5,0.1484828336734735,0.00028095845464733165,0.0003464643954469034
Bacteria_Firmicutes_Clostridia_Lachnospirales_Lachnospiraceae_Hungatella_hathewayi.2,2414.5,0.1464177204435792,0.0008240061468777715,0.00018082408334044907
Bacteria_Firmicutes_Clostridia_Oscillospirales_Oscillospiraceae_UCG-005_NA.33,2481.0,0.14165336389122524,0.0006593444931685346,0.0002879786700309887
Bacteria_Firmicutes_Clostridia_Oscillospirales_Oscillospiraceae_UCG-002_NA.37,1844.5,0.13597256023451734,0.0001887715321489216,0.0007537907845330185
Bacteria_Bacteroidota_Bacteroidia_Bacteroidales_Barnesiellaceae_Barnesiella_NA.22,1928.0,0.1345584869362522,0.0001905303621749831,0.00043240267895804807
Bacteria_Firmicutes_Clostridia_Oscillospirales_Eubacterium-coprostanoligenes-group_NA_NA.10,1770.0,0.13153042197450968,0.002777710991513613,0.00543629272450221
Bacteria_Bacteroidota_Bacteroidia_Bacteroidales_Porphyromonadaceae_Porphyromonas_NA.1,2527.0,0.12207414851922369,0.0013315642842044986,0.004027645172762438
Bacteria_Bacteroidota_Bacteroidia_Bacteroidales_Bacteroidaceae_Bacteroides_uniformis.2,2421.5,0.12119834060054299,0.0039151766407025,0.00037965213788607193
Bacteria_Firmicutes_Clostridia_Christensenellales_Christensenellaceae_Christensenellaceae-R-7-group_NA.113,1760.0,0.11696444248731365,0.0012882834859629484,0.002320706702141217
Bacteria_Firmicutes_Clostridia_Christensenellales_Christensenellaceae_Christensenellaceae-R-7-group_NA.18,1918.5,0.11556925229512742,2.9904703677614e-05,0.0002441610338932496
Bacteria_Bacteroidota_Bacteroidia_Bacteroidales_Bacteroidaceae_Bacteroides_clarus.1,1848.5,0.11460841659804812,0.00024321920491415845,0.00100246190800959
Bacteria_Bacteroidota_Bacteroidia_Bacteroidales_Barnesiellaceae_Barnesiella_NA.31,1860.5,0.11219840308498828,9.102310400894776e-05,0.001244819091021903
Bacteria_Firmicutes_Clostridia_Lachnospirales_Lachnospiraceae_Lachnoclostridium_NA.66,1968.0,0.10896616147959629,0.0,0.00018090426080917402
Bacteria_Bacteroidota_Bacteroidia_Bacteroidales_Marinifilaceae_Butyricimonas_NA.31,1968.0,0.10896616147959629,0.0,0.0002019072967854338
Bacteria_Firmicutes_Clostridia_Lachnospirales_Lachnospiraceae_Blautia_faecis.1,2629.0,0.10537584700336851,0.006339517458997838,0.004270000595759955
Bacteria_Firmicutes_Clostridia_Lachnospirales_Lachnospiraceae_Bacteroides-pectinophilus-group_NA.1,2447.0,0.10296307547241826,0.00033421796792590256,0.0003608260207237831
Bacteria_Bacteroidota_Bacteroidia_Bacteroidales_Tannerellaceae_Parabacteroides_merdae.1,1735.0,0.10227885495570092,0.007660336186350668,0.007957876247940024
Bacteria_Proteobacteria_Alphaproteobacteria_Rhodospirillales_NA_NA_NA.13,2615.5,0.10201294268982353,0.010537121121999081,0.002012038563919917
Bacteria_Firmicutes_Bacilli_Acholeplasmatales_Acholeplasmataceae_Anaeroplasma_NA.1,1890.5,0.09871085951755505,0.00036310944425502895,0.0011383496119965323
Bacteria_Firmicutes_Clostridia_Oscillospirales_Ruminococcaceae_Ruminococcus_NA.10,1828.0,0.09186370317474567,0.0001548032345795422,0.0011959046037993705
Bacteria_Firmicutes_Clostridia_Christensenellales_Christensenellaceae_Christensenellaceae-R-7-group_NA.97,2648.0,0.0902074516484804,0.005414904341927922,0.004549052293756895
Bacteria_Bacteroidota_Bacteroidia_Bacteroidales_Bacteroidaceae_Bacteroides_NA.356,2474.0,0.08998246165007434,0.002011184731935852,0.00017419389676982436
Bacteria_Firmicutes_Clostridia_Oscillospirales_Oscillospiraceae_UCG-005_NA.37,2467.0,0.0887717352470671,0.0016945465785752085,0.00019059355671826228
Bacteria_Proteobacteria_Alphaproteobacteria_Rhodospirillales_NA_NA_NA.5,1888.5,0.08822548962819668,1.8581938636127777e-05,0.0004779983758310666
Bacteria_Verrucomicrobiota_Verrucomicrobiae_Verrucomicrobiales_Akkermansiaceae_Akkermansia_muciniphila.1,1795.0,0.08751318943586399,0.0014000297607675155,0.005051960319617279
Bacteria_Bacteroidota_Bacteroidia_Bacteroidales_Bacteroidaceae_Bacteroides_NA.37,2464.0,0.08739542854000619,0.00037993550562420464,0.0004339726666664421
Bacteria_Verrucomicrobiota_Verrucomicrobiae_Verrucomicrobiales_Akkermansiaceae_Akkermansia_NA.4,1883.0,0.08644130760225072,2.995261290069366e-05,0.0015015000015479079
Bacteria_Firmicutes_Clostridia_Lachnospirales_Lachnospiraceae_Roseburia_NA.4,1715.0,0.08642302535422461,0.0038247807046476855,0.003935266596885173
Bacteria_Firmicutes_Clostridia_Clostridia-UCG-014_NA_NA_NA.22,1766.0,0.0843580610078854,0.0005518766479687062,0.0012540670487634386
Bacteria_Bacteroidota_Bacteroidia_Bacteroidales_Bacteroidaceae_Bacteroides_ovatus.2,2529.0,0.07992649435144923,0.006532346415930752,0.0008170344496119276
Bacteria_Firmicutes_Clostridia_Oscillospirales_Eubacterium-coprostanoligenes-group_NA_NA.15,2448.0,0.07914308176537567,0.0011781622496678265,0.0001871763134591186
Bacteria_Firmicutes_Clostridia_Peptostreptococcales-Tissierellales_Peptostreptococcaceae_Romboutsia_sedimentorum.1,2495.0,0.07647255886576293,0.002284082377347955,0.0002942221372237963
Bacteria_Bacteroidota_Bacteroidia_Bacteroidales_Bacteroidaceae_Bacteroides_nordii.1,2477.0,0.07364668835237013,0.0005308887108236466,0.00022590831462215754
Bacteria_Bacteroidota_Bacteroidia_Bacteroidales_Bacteroidaceae_Bacteroides_NA.330,1727.0,0.07156877409050848,0.0004032893949135416,0.00149993840955745
Bacteria_Firmicutes_Clostridia_Oscillospirales_Oscillospiraceae_NK4A214-group_NA.25,1689.0,0.0699439612707437,0.001509488428741182,0.0018405730907975226
Bacteria_Bacteroidota_Bacteroidia_Bacteroidales_NA_NA_NA.4,2481.0,0.06979105469350388,0.0004948847056628097,0.0002472369024651485
Bacteria_Bacteroidota_Bacteroidia_Bacteroidales_Bacteroidaceae_Bacteroides_salyersiae.1,2522.0,0.06912696200142947,0.0007878252144285185,0.00034981319578615024
Bacteria_Firmicutes_Clostridia_Lachnospirales_Lachnospiraceae_Coprococcus_NA.8,2621.0,0.06713408458264998,0.0010479458163516998,0.0005510263983446327
Bacteria_Firmicutes_Clostridia_Clostridia-UCG-014_NA_NA_NA.79,1896.0,0.0601098338858032,0.0,0.00023853924080020775
Bacteria_Bacteroidota_Bacteroidia_Bacteroidales_Bacteroidaceae_Bacteroides_NA.305,1896.0,0.0601098338858032,0.0,0.0005878820500267651
Bacteria_Firmicutes_Clostridia_Lachnospirales_Lachnospiraceae_Ruminococcus-torques-group_NA.27,2704.0,0.05841638974642819,0.01025249831035212,0.008225542830768165
Bacteria_Firmicutes_Clostridia_Lachnospirales_Lachnospiraceae_Agathobacter_NA.142,1656.5,0.054871854203890943,0.00769847051276535,0.010140050418889334
Bacteria_Bacteroidota_Bacteroidia_Bacteroidales_Bacteroidaceae_Bacteroides_eggerthii.2,1650.0,0.03927299893645783,0.001120467684485802,0.0020426032699588184
Bacteria_Firmicutes_Clostridia_Lachnospirales_Lachnospiraceae_Lachnospiraceae-NK4A136-group_bacterium.1,1608.5,0.036193251943423134,0.0027935126409163965,0.003911094172287387
Bacteria_Firmicutes_Clostridia_Lachnospirales_Lachnospiraceae_Lachnospiraceae-ND3007-group_NA.9,1608.0,0.0360313611062608,0.0025709586469494345,0.0033903828313873088
Bacteria_Firmicutes_Clostridia_Lachnospirales_Lachnospiraceae_Lachnoclostridium_NA.64,2741.0,0.03248088894743097,0.0029223707685809685,0.0016152123381845361
Bacteria_Firmicutes_Clostridia_Oscillospirales_Oscillospiraceae_UCG-002_NA.61,2556.0,0.029575252377522315,0.0029392977598110214,0.00037595089214890527
Bacteria_Firmicutes_Clostridia_Peptostreptococcales-Tissierellales_Peptostreptococcaceae_Peptostreptococcus_stomatis.1,2669.5,0.029446380470126737,0.0012544759315069307,0.0006480449823041472
Bacteria_Firmicutes_Clostridia_Oscillospirales_Oscillospiraceae_UCG-002_NA.38,1592.0,0.02940256274368576,0.0015946420120187214,0.004527466085753675
Bacteria_Firmicutes_Clostridia_Oscillospirales_Oscillospiraceae_Flavonifractor_plautii.2,2479.5,0.028223433786091164,0.0005634046156919093,7.495660027232174e-05
Bacteria_Bacteroidota_Bacteroidia_Bacteroidales_Marinifilaceae_Odoribacter_splanchnicus.1,1632.0,0.027894620107714395,0.0002792008513343676,0.0006504951080018921
Bacteria_Actinobacteriota_Actinobacteria_Bifidobacteriales_Bifidobacteriaceae_Bifidobacterium_NA.21,2756.0,0.02780714185597225,0.00926047364711484,0.005677135747764719
Bacteria_Firmicutes_Clostridia_Lachnospirales_Lachnospiraceae_Lachnospira_pectinoschiza.1,1576.0,0.02688724834973059,0.0033208546561300446,0.004906479448383194
Bacteria_Firmicutes_Clostridia_Oscillospirales_Butyricicoccaceae_Butyricicoccus_NA.13,2591.0,0.023600724899524028,0.0002730086352534323,0.00012157382890148265
Bacteria_Bacteroidota_Bacteroidia_Bacteroidales_Muribaculaceae_NA_NA.15,2526.0,0.022882676921887217,0.007007895832983251,0.00032596346641886287
Bacteria_Bacteroidota_Bacteroidia_Bacteroidales_Rikenellaceae_Rikenellaceae-RC9-gut-group_NA.51,2553.0,0.022071833503625352,0.00249414696821642,0.0004601990584143363
Bacteria_Bacteroidota_Bacteroidia_Bacteroidales_Barnesiellaceae_Barnesiella_NA.44,1627.0,0.01866101620130205,0.0027158247103566753,0.0027720403496963673
Bacteria_Firmicutes_Clostridia_Clostridia-UCG-014_NA_NA_NA.28,1555.0,0.016778348851854568,0.0012205608637404625,0.0023510155890427782
Bacteria_Bacteroidota_Bacteroidia_Bacteroidales_Bacteroidaceae_Bacteroides_NA.366,1528.0,0.01675277532318517,0.0026511014477931115,0.00486012644558724
Bacteria_Firmicutes_Clostridia_Lachnospirales_Lachnospiraceae_Lachnospiraceae-NK4A136-group_NA.10,2655.0,0.015823665733717015,0.0010309178423869418,0.000326661467707566
Bacteria_Firmicutes_Clostridia_Oscillospirales_Ruminococcaceae_Faecalibacterium_prausnitzii.3,1519.0,0.015486345116513039,0.015414360764671411,0.023446493609454677
Bacteria_Fusobacteriota_Fusobacteriia_Fusobacteriales_Fusobacteriaceae_Fusobacterium_nucleatum,2676.0,0.014841715407131851,0.0030212120198517683,0.003911836742740214
Bacteria_Firmicutes_Clostridia_Clostridiales_Clostridiaceae_Clostridium-sensu-stricto-12_NA.29,2852.5,0.014058595943684762,0.0051423081960711055,0.0022770791788056907
Bacteria_Firmicutes_Clostridia_Lachnospirales_Lachnospiraceae_Roseburia_NA.19,1505.0,0.012746769852555937,0.000825736330068952,0.001505519424299856
Bacteria_Bacteroidota_Bacteroidia_Bacteroidales_Rikenellaceae_Alistipes_finegoldii.1,2686.0,0.01220640432291807,0.0009700873098601666,0.0006028238997506806
Bacteria_Firmicutes_Clostridia_Clostridia-vadinBB60-group_NA_NA_NA.9,2702.0,0.011558196127583423,0.0006497266304269817,0.0008465781925921114
Bacteria_Firmicutes_Clostridia_Lachnospirales_Lachnospiraceae_Ruminococcus-torques-group_NA.19,2889.5,0.010217649418804273,0.007886104360158078,0.0038108118838455366
Bacteria_Firmicutes_Clostridia_Oscillospirales_Oscillospiraceae_UCG-002_NA.11,1531.0,0.008911031076089645,0.0002537688410550315,0.0011925317271839827
Bacteria_Bacteroidota_Bacteroidia_Bacteroidales_Bacteroidaceae_Bacteroides_NA.398,1418.0,0.005291215719772533,0.029171571540308888,0.04273246784629373
Bacteria_Firmicutes_Clostridia_Clostridia-vadinBB60-group_NA_NA_NA.16,1413.0,0.004927219495534838,0.001761900705281189,0.0037446113957526933
Bacteria_Firmicutes_Clostridia_Lachnospirales_Lachnospiraceae_Eubacterium-hallii-group_NA.9,1370.0,0.0030399277948526975,0.002213425285300326,0.0028096067465151705
Bacteria_Firmicutes_Clostridia_Peptostreptococcales-Tissierellales_Family-XI_Parvimonas_micra.1,2836.5,0.0021345082467136385,0.0011323400898703713,0.0006994411359886019
Bacteria_Actinobacteriota_Actinobacteria_Bifidobacteriales_Bifidobacteriaceae_Bifidobacterium_NA.12,1248.5,0.0006586048216255469,0.006347813125315182,0.019709903736683163
Bacteria_Bacteroidota_Bacteroidia_Bacteroidales_Prevotellaceae_Paraprevotella_NA.11,2844.5,0.0006354759691237126,0.0012936040312070448,0.0012569714013484477
Bacteria_Firmicutes_Clostridia_Lachnospirales_Lachnospiraceae_Eubacterium-ruminantium-group_NA.2,1239.0,0.0005770039156410314,0.0020577603097352163,0.004989010315803316
Bacteria_Bacteroidota_Bacteroidia_Bacteroidales_Prevotellaceae_Prevotella_intermedia.3,2917.5,3.617279474830181e-05,0.006724508123515718,0.0015524155923649057
