ASV,MannWU_stat,p_value,Cancer_pos_mean,Cancer_neg_mean
Bacteria_Bacteroidota_Bacteroidia_Bacteroidales_Prevotellaceae_Prevotella_9_NA.75,13059.0,0.9964901913815002,0.001414293210731457,0.0017548688976089673
Bacteria_Bacteroidota_Bacteroidia_Bacteroidales_Bacteroidaceae_Bacteroides_caccae.2,13074.5,0.9897058336399636,0.002644478411288208,0.0023129525123463386
Bacteria_Firmicutes_Clostridia_Clostridiales_Clostridiaceae_Clostridium_sensu_stricto_1_paraputrificum.1,13071.0,0.9877243483141063,0.0009028290553830296,0.00015506576189389305
Bacteria_Firmicutes_Clostridia_Oscillospirales_Ruminococcaceae_UBA1819_NA.4,13079.0,0.9853858571289723,0.0011735270734936937,0.001109751041840144
Bacteria_Bacteroidota_Bacteroidia_Bacteroidales_Prevotellaceae_Prevotella_9_NA.109,13046.0,0.9833030873116552,0.0033178352229193808,0.002054610045592451
Bacteria_Firmicutes_Clostridia_Oscillospirales_Ruminococcaceae_Faecalibacterium_NA.8,13082.0,0.9831037374539857,0.0027449957592078416,0.0030067633601554068
Bacteria_Firmicutes_Clostridia_Lachnospirales_Lachnospiraceae_Roseburia_NA.20,13098.0,0.968793967951542,0.00141801430722097,0.0012342853740664472
Bacteria_Firmicutes_Clostridia_Lachnospirales_Lachnospiraceae_Roseburia_NA.19,13120.0,0.949234235150635,0.0014639231412304774,0.0015185454344806054
Bacteria_Bacteroidota_Bacteroidia_Bacteroidales_Rikenellaceae_Rikenellaceae_RC9_gut_group_NA.48,13145.0,0.9211231901845418,0.005244161510119346,0.006675751362791806
Bacteria_Bacteroidota_Bacteroidia_Bacteroidales_Rikenellaceae_Alistipes_inops.1,12980.0,0.9161088896728602,0.0006341275988318417,0.0006450694209342963
Bacteria_Firmicutes_Clostridia_Lachnospirales_Lachnospiraceae_Hungatella_hathewayi.2,13004.0,0.9119850990749295,0.00021654948722509205,0.00015203359158998543
Bacteria_Bacteroidota_Bacteroidia_Bacteroidales_Tannerellaceae_Parabacteroides_distasonis.1,12973.0,0.906880625379709,0.0011186283353953105,0.0013086778567012662
Bacteria_Firmicutes_Clostridia_Oscillospirales_Eubacterium_coprostanoligenes_group_NA_NA.17,12947.0,0.8981750193728881,0.005820300426183136,0.00614397945789667
Bacteria_Firmicutes_Clostridia_Oscillospirales_Ruminococcaceae_CAG-352_NA.8,12946.0,0.8958932737498743,0.002810636441808136,0.0036850728136762234
Bacteria_Bacteroidota_Bacteroidia_Bacteroidales_Prevotellaceae_Prevotellaceae_NK3B31_group_NA.14,13126.0,0.8953589408429259,0.0009260918361964018,0.0002004250176866137
Bacteria_Firmicutes_Clostridia_Christensenellales_Christensenellaceae_Christensenellaceae_R-7_group_NA.76,13131.0,0.8929316531555035,0.00015930224692013283,0.00016048860197299294
Bacteria_Firmicutes_Clostridia_Lachnospirales_Lachnospiraceae_Eubacterium_hallii_group_NA.9,13214.5,0.8661311821459161,0.002983195112030203,0.0029497603218235934
Bacteria_Firmicutes_Clostridia_Lachnospirales_Lachnospiraceae_Lachnoclostridium_NA.92,12931.0,0.8545901387861594,0.00041757578486436523,0.000384446336006319
Bacteria_Bacteroidota_Bacteroidia_Bacteroidales_NA_NA_NA.4,12965.0,0.8533386512102731,0.0002545308120950783,0.00021623854385591432
Bacteria_Firmicutes_Clostridia_Christensenellales_Christensenellaceae_NA_NA.2,13168.0,0.8441269518855368,0.0002732223395558644,0.00014454100277349786
Bacteria_Bacteroidota_Bacteroidia_Bacteroidales_Bacteroidaceae_Bacteroides_NA.288,12944.0,0.8319719396341096,0.00029111021885367896,0.0005971682396405262
Bacteria_Bacteroidota_Bacteroidia_Bacteroidales_Prevotellaceae_Prevotella_9_copri.3,13171.0,0.8307268753187274,0.00097617756155462,0.00056377862987995
Bacteria_Firmicutes_Clostridia_Christensenellales_Christensenellaceae_Christensenellaceae_R-7_group_NA.43,13204.0,0.8291203311744386,0.0002973727293424666,0.00023290379286030138
Bacteria_Verrucomicrobiota_Verrucomicrobiae_Verrucomicrobiales_Akkermansiaceae_Akkermansia_muciniphila.2,12850.0,0.8097022993637569,0.008698040692810488,0.007495377493127998
Bacteria_Bacteroidota_Bacteroidia_Bacteroidales_Prevotellaceae_Prevotella_9_NA.113,13201.0,0.8040301720391567,0.0007382577594212918,0.00045859173844452233
Bacteria_Actinobacteriota_Actinobacteria_Bifidobacteriales_Bifidobacteriaceae_Bifidobacterium_bifidum.1,13238.0,0.790674683515393,0.0007091179900712822,0.0004992833825101979
Bacteria_Firmicutes_Clostridia_Lachnospirales_Lachnospiraceae_Anaerostipes_hadrus.3,13233.0,0.7819254191132579,0.00023860379146992667,0.00022073618854595998
Bacteria_Firmicutes_Clostridia_Oscillospirales_Oscillospiraceae_UCG-005_NA.40,12904.0,0.7728965387589865,0.00030569641474737376,0.00019093312699950955
Bacteria_Actinobacteriota_Coriobacteriia_Coriobacteriales_Eggerthellaceae_Slackia_isoflavoniconvertens.1,12868.0,0.7695663124939858,0.0003425968471561853,0.000500744216817599
Bacteria_Bacteroidota_Bacteroidia_Bacteroidales_Bacteroidaceae_Bacteroides_eggerthii.1,12841.0,0.7514365867498526,0.0007867873598585662,0.0012860552568800426
Bacteria_Firmicutes_Clostridia_Lachnospirales_Lachnospiraceae_Agathobacter_NA.120,13237.0,0.7378949001447874,0.0002624590201890433,0.0001633234902258451
Bacteria_Bacteroidota_Bacteroidia_Bacteroidales_Bacteroidaceae_Bacteroides_NA.396,12862.0,0.7339669068886097,0.0008006685404400346,0.001097313312631542
Bacteria_Bacteroidota_Bacteroidia_Bacteroidales_Tannerellaceae_Parabacteroides_distasonis.10,13301.0,0.7339453946117129,0.0007448115884618663,0.00044368141112759906
Bacteria_Firmicutes_Clostridia_Oscillospirales_Ruminococcaceae_Faecalibacterium_prausnitzii.5,13389.0,0.7168005701177524,0.03665848541560327,0.03490670001640384
Bacteria_Bacteroidota_Bacteroidia_Bacteroidales_Barnesiellaceae_Barnesiella_NA.1,13269.0,0.71519973528688,0.000594842337977489,0.0003470643257291196
Bacteria_Bacteroidota_Bacteroidia_Bacteroidales_Rikenellaceae_Alistipes_finegoldii.2,13396.5,0.7013048842960576,0.0016591417848593345,0.0015254607378650791
Bacteria_Bacteroidota_Bacteroidia_Bacteroidales_Tannerellaceae_Parabacteroides_distasonis.3,13400.0,0.6964048625046209,0.0014036120542759306,0.0009822377095618287
Bacteria_Firmicutes_Clostridia_Clostridia_UCG-014_NA_NA_NA.103,12857.0,0.6878338686046785,0.00017681283211964187,0.00017772761270388543
Bacteria_Firmicutes_Clostridia_Oscillospirales_UCG-010_NA_NA.81,12843.5,0.6824285208607743,0.0001378997697374368,0.0002090159566259962
Bacteria_Firmicutes_Clostridia_Oscillospirales_Ruminococcaceae_Eubacterium_siraeum_group_NA.13,12820.0,0.6768836177762183,0.0002754939735104653,0.0002882152421726584
Bacteria_Bacteroidota_Bacteroidia_Bacteroidales_Bacteroidaceae_Bacteroides_plebeius.2,13336.5,0.6631021277328009,0.0009810966970486032,0.00038573602306356524
Bacteria_Firmicutes_Clostridia_Lachnospirales_Lachnospiraceae_Bacteroides_pectinophilus_group_NA.1,13272.0,0.6625948105989257,0.00028072498869102623,0.00016371382796081933
Bacteria_Bacteroidota_Bacteroidia_Bacteroidales_Barnesiellaceae_Barnesiella_NA.57,12823.0,0.6394729660144542,0.000425342297271039,0.00028785572147384237
Bacteria_Cyanobacteria_Vampirivibrionia_Gastranaerophilales_NA_NA_NA.2,12735.0,0.6355544622904973,0.0007547046466336618,0.001198486572268166
Bacteria_Firmicutes_Clostridia_Clostridiales_Clostridiaceae_Clostridium_sensu_stricto_1_NA.25,12705.0,0.6346698712748808,0.0005303914735220755,0.0004243727601947025
Bacteria_Firmicutes_Clostridia_Christensenellales_Christensenellaceae_Christensenellaceae_R-7_group_NA.18,13331.0,0.6324788836481714,0.00021662111668438864,0.0002267757201636016
Bacteria_Actinobacteriota_Coriobacteriia_Coriobacteriales_Eggerthellaceae_Senegalimassilia_NA.7,12728.0,0.6309019461932941,0.0004122634631018924,0.00039632182593483874
Bacteria_Firmicutes_Clostridia_Oscillospirales_Eubacterium_coprostanoligenes_group_NA_NA.10,12628.5,0.629304826050763,0.004805976697781746,0.004447481640849419
Bacteria_Bacteroidota_Bacteroidia_Bacteroidales_Prevotellaceae_Prevotella_9_NA.66,13371.0,0.6255447352529145,0.001194708374553217,0.001180790533951726
Bacteria_Firmicutes_Clostridia_Christensenellales_Christensenellaceae_Christensenellaceae_R-7_group_NA.34,13392.0,0.6094539684100835,0.000318297255105476,0.0002573964943471218
Bacteria_Firmicutes_Clostridia_Oscillospirales_Ruminococcaceae_Ruminococcus_NA.18,12724.0,0.6065534608611807,0.0005159910040398072,0.0014996212170757172
Bacteria_Bacteroidota_Bacteroidia_Bacteroidales_Barnesiellaceae_Barnesiella_NA.11,12706.0,0.5956741461387931,0.0008753325795390379,0.001249890552431524
Bacteria_Bacteroidota_Bacteroidia_Bacteroidales_Prevotellaceae_Prevotella_9_NA.78,13465.5,0.5921489997619857,0.0025956476619688603,0.0035839774887081355
Bacteria_Bacteroidota_Bacteroidia_Bacteroidales_Muribaculaceae_NA_NA.15,12777.0,0.5903466648514122,0.0011363776319206396,0.0012514030812011627
Bacteria_Firmicutes_Clostridia_Lachnospirales_Lachnospiraceae_Lachnospiraceae_NK4A136_group_NA.10,13410.0,0.5742300408778972,0.00036977410015675,0.00029671522592910303
Bacteria_Firmicutes_Clostridia_Oscillospirales_Oscillospiraceae_UCG-002_NA.62,12732.0,0.5698626374344677,0.0002308370754415746,0.00018340422221666154
Bacteria_Bacteroidota_Bacteroidia_Bacteroidales_Marinifilaceae_Odoribacter_splanchnicus.1,13533.0,0.5653428563575809,0.0005669508632462579,0.00046374805538618467
Bacteria_Bacteroidota_Bacteroidia_Bacteroidales_Bacteroidaceae_Bacteroides_massiliensis.2,12592.0,0.5647482063863132,0.0016451427729950118,0.0013787677446118792
Bacteria_Firmicutes_Clostridia_Lachnospirales_Lachnospiraceae_Ruminococcus_gauvreauii_group_NA.5,12545.0,0.5645411967163865,0.0019250710436029877,0.002220689200303492
Bacteria_Firmicutes_Clostridia_Lachnospirales_Lachnospiraceae_Agathobacter_NA.91,12747.0,0.5369745654066311,0.00028589238028730815,0.0004498363699497993
Bacteria_Firmicutes_Clostridia_Oscillospirales_Butyricicoccaceae_Butyricicoccus_NA.11,12725.0,0.5280089882938255,0.0001491546027391017,0.00015792292762348915
Bacteria_Firmicutes_Clostridia_Oscillospirales_Oscillospiraceae_Intestinimonas_NA.16,12484.5,0.5142796097766416,0.0007886967105320072,0.0008795092069210158
Bacteria_Firmicutes_Clostridia_Peptostreptococcales-Tissierellales_Anaerovoracaceae_Family_XIII_UCG-001_NA.1,13560.0,0.5115332293788342,0.00034149151222455067,0.00024023361592495355
Bacteria_Firmicutes_Clostridia_Oscillospirales_Oscillospiraceae_Colidextribacter_NA.10,12597.0,0.5096504166218194,0.00027452017743273197,0.000297786070347298
Bacteria_Bacteroidota_Bacteroidia_Bacteroidales_Muribaculaceae_NA_NA.3,13437.0,0.49453493428505113,0.0009408118361748532,0.0005713151737805243
Bacteria_Bacteroidota_Bacteroidia_Bacteroidales_Barnesiellaceae_Barnesiella_NA.33,12708.5,0.4925580709052888,0.0003505489249766753,0.00034527095589325345
Bacteria_Bacteroidota_Bacteroidia_Bacteroidales_Bacteroidaceae_Bacteroides_NA.290,12479.5,0.48467583882424015,0.0033936320877275103,0.0017465089340992204
Bacteria_Firmicutes_Clostridia_Lachnospirales_Lachnospiraceae_Blautia_faecis.1,13694.0,0.48261084949703614,0.004503420384990838,0.004417785782959886
Bacteria_Bacteroidota_Bacteroidia_Bacteroidales_Bacteroidaceae_Bacteroides_NA.304,12466.0,0.46389624885968095,0.0036333981016315395,0.001653744930110058
Bacteria_Firmicutes_Clostridia_Clostridia_UCG-014_NA_NA_NA.9,12491.5,0.45445925487505867,0.00044006976267963046,0.000596142195671463
Bacteria_Bacteroidota_Bacteroidia_Bacteroidales_Barnesiellaceae_Barnesiella_NA.6,12514.0,0.4532472823864313,0.000725177834858463,0.0017318883100451517
Bacteria_Bacteroidota_Bacteroidia_Bacteroidales_Rikenellaceae_Alistipes_NA.34,12408.5,0.44583172136558513,0.0011735168811358473,0.0013905338892449086
Bacteria_Bacteroidota_Bacteroidia_Bacteroidales_Bacteroidaceae_Bacteroides_fragilis.4,12367.0,0.43840227851131797,0.007399801099588798,0.006454743458695145
Bacteria_Firmicutes_Clostridia_Lachnospirales_Lachnospiraceae_Ruminococcus_torques_group_NA.24,12444.5,0.4360284164868522,0.0007079633508145328,0.0008866796123846337
Bacteria_Bacteroidota_Bacteroidia_Bacteroidales_Bacteroidaceae_Bacteroides_NA.372,12358.5,0.433578119490863,0.008691299645234709,0.006767765151189698
Bacteria_Verrucomicrobiota_Verrucomicrobiae_Verrucomicrobiales_Akkermansiaceae_Akkermansia_NA.5,13558.5,0.4299725517652123,0.001790106601616257,0.004061792772341747
Bacteria_Firmicutes_Clostridia_Oscillospirales_Oscillospiraceae_UCG-003_NA.5,13775.0,0.42713277931617644,0.001691164551476632,0.0016617660954406882
Bacteria_Bacteroidota_Bacteroidia_Bacteroidales_Bacteroidaceae_Bacteroides_coprocola.4,13679.5,0.421119653950381,0.002073510242183693,0.001432353915188548
Bacteria_Bacteroidota_Bacteroidia_Bacteroidales_Rikenellaceae_Rikenellaceae_RC9_gut_group_NA.44,12538.5,0.414000090655113,0.0018250386527296682,0.00283171682312078
Bacteria_Firmicutes_Clostridia_Oscillospirales_Ruminococcaceae_Ruminococcus_bromii.1,12345.5,0.410863035915633,0.001874688094129373,0.0015945726614828807
Bacteria_Bacteroidota_Bacteroidia_Bacteroidales_Bacteroidaceae_Bacteroides_NA.366,12319.0,0.4078773454683092,0.005070202711126659,0.006481315005537967
Bacteria_Firmicutes_Clostridia_Lachnospirales_Lachnospiraceae_Blautia_NA.51,12302.0,0.39774969955168626,0.011262435386268742,0.012497859409523094
Bacteria_Firmicutes_Clostridia_Lachnospirales_Lachnospiraceae_Lachnoclostridium_NA.83,13573.0,0.3861468243583639,0.0003050719513183682,0.00019921958116088823
Bacteria_Firmicutes_Clostridia_Lachnospirales_Lachnospiraceae_Lachnospiraceae_NK4A136_group_bacterium.1,13846.0,0.3836156427720847,0.0038195090999383896,0.0033103548443072558
Bacteria_Firmicutes_Clostridia_Christensenellales_Christensenellaceae_Christensenellaceae_R-7_group_NA.63,13579.0,0.38058340595312656,0.00032658709509987744,0.00018080883124472542
Bacteria_Firmicutes_Clostridia_Oscillospirales_Oscillospiraceae_Flavonifractor_plautii.2,13489.0,0.3738049749481569,0.00018233246428421868,5.637788602753492e-05
Bacteria_Firmicutes_Clostridia_Oscillospirales_Oscillospiraceae_UCG-005_NA.39,12314.0,0.3689230603716692,0.0008543287701879751,0.0006814638299058785
Bacteria_Bacteroidota_Bacteroidia_Bacteroidales_Bacteroidaceae_Bacteroides_vulgatus.4,12294.0,0.367118169716373,0.0019214688366850576,0.0028640215047848415
Bacteria_Proteobacteria_Alphaproteobacteria_Rhodospirillales_NA_NA_NA.6,13627.5,0.3580042800877292,0.0009848013022574172,0.0005659097031274537
Bacteria_Bacteroidota_Bacteroidia_Bacteroidales_Bacteroidaceae_Bacteroides_salyersiae.1,13590.0,0.35751347364372466,0.00043244432972893625,0.00017492671731973033
Bacteria_Firmicutes_Clostridia_Oscillospirales_Oscillospiraceae_Oscillibacter_NA.3,12235.0,0.3563359307885319,0.0015124464912730448,0.0016358933054621578
Bacteria_Bacteroidota_Bacteroidia_Bacteroidales_Barnesiellaceae_Barnesiella_NA.22,12518.0,0.34558496615311096,0.0004120131820070391,0.000601898965221241
Bacteria_Firmicutes_Clostridia_Lachnospirales_Lachnospiraceae_Dorea_formicigenerans.1,12203.0,0.3391207803204612,0.0019468744294542323,0.001971630516868674
Bacteria_Bacteroidota_Bacteroidia_Bacteroidales_Bacteroidaceae_Bacteroides_NA.356,12515.0,0.3290095985070053,0.00032270898658039187,0.0005475699039431393
Bacteria_Firmicutes_Clostridia_Lachnospirales_Lachnospiraceae_Roseburia_NA.4,13986.0,0.30186341011192386,0.00383447728082522,0.003807884642365241
Bacteria_Firmicutes_Clostridia_Peptostreptococcales-Tissierellales_Peptostreptococcaceae_Intestinibacter_bartlettii.1,13993.0,0.29987513719860626,0.0019658540602945675,0.0016533297211602947
Bacteria_Firmicutes_Clostridia_Lachnospirales_Lachnospiraceae_Coprococcus_eutactus.1,13999.0,0.2935306225033675,0.0024509241414101966,0.0022108141975642824
Bacteria_Firmicutes_Clostridia_Clostridia_UCG-014_NA_NA_NA.46,12437.0,0.2751777843666968,0.0003104919730352603,0.0006502130478001164
Bacteria_Firmicutes_Clostridia_Lachnospirales_Lachnospiraceae_Lachnospira_NA.19,12091.0,0.2555512514723788,0.0009082947087361722,0.0013242305240338441
Bacteria_Bacteroidota_Bacteroidia_Bacteroidales_Marinifilaceae_Butyricimonas_NA.31,12515.0,0.25346117724416717,0.0001648560824256693,0.0002222101167513332
Bacteria_Firmicutes_Clostridia_Oscillospirales_Ruminococcaceae_Faecalibacterium_prausnitzii.3,14096.0,0.25038601065850263,0.021277676856036265,0.018632455052252805
Bacteria_Bacteroidota_Bacteroidia_Bacteroidales_Bacteroidaceae_Bacteroides_NA.331,13720.0,0.24453565331268146,0.00036468676321343003,0.000900616164375674
Bacteria_Firmicutes_Clostridia_Lachnospirales_Lachnospiraceae_CAG-56_NA.6,14116.0,0.23980138257313055,0.0017837871536812014,0.0015207386693642522
Bacteria_Firmicutes_Clostridia_Oscillospirales_Ruminococcaceae_NA_NA.38,13741.0,0.2397879916087997,0.0017012842207373754,0.000306952725087998
Bacteria_Firmicutes_Clostridia_Lachnospirales_Lachnospiraceae_Blautia_massiliensis.1,14127.0,0.23644980049364572,0.0035542900552352577,0.0035745205351480854
Bacteria_Firmicutes_Clostridia_Oscillospirales_Oscillospiraceae_NK4A214_group_NA.21,13967.0,0.22889229584516413,0.0008119398629019373,0.0009175044104051356
Bacteria_Proteobacteria_Alphaproteobacteria_Rhodospirillales_NA_NA_NA.2,13645.0,0.22434588659991628,0.0006220556704447977,0.00012014949098453653
Bacteria_Firmicutes_Clostridia_Oscillospirales_Oscillospiraceae_UCG-002_NA.13,13775.5,0.21670659885983823,0.000473503309210488,0.00016301355598123787
Bacteria_Firmicutes_Clostridia_Oscillospirales_Oscillospiraceae_UCG-002_NA.17,14142.5,0.21376289977742302,0.0018020156107813278,0.0012853980357869904
Bacteria_Firmicutes_Clostridia_Oscillospirales_UCG-010_NA_NA.51,12357.0,0.21175816166877837,0.00018325026674062593,0.00026890408745047876
Bacteria_Firmicutes_Clostridia_Lachnospirales_Lachnospiraceae_Lachnospiraceae_NK4A136_group_NA.48,14223.0,0.19606340351106188,0.001686241301657238,0.0013151960211078134
Bacteria_Verrucomicrobiota_Verrucomicrobiae_Verrucomicrobiales_Akkermansiaceae_Akkermansia_NA.4,13862.0,0.18809900115112188,0.002193737964874667,0.0006742980896879843
Bacteria_Bacteroidota_Bacteroidia_Bacteroidales_Barnesiellaceae_Barnesiella_NA.7,12325.5,0.1820082155649162,0.0004500161510709353,0.0005345281566714903
Bacteria_Firmicutes_Clostridia_Oscillospirales_Oscillospiraceae_UCG-002_NA.25,14257.0,0.17543871145306267,0.002259871681310975,0.0021832575418227634
Bacteria_Bacteroidota_Bacteroidia_Bacteroidales_Prevotellaceae_Prevotella_9_NA.136,12135.0,0.15782071104760031,0.0018742749829951811,0.0044805550456232185
Bacteria_Firmicutes_Clostridia_Clostridia_UCG-014_NA_NA_NA.15,14174.0,0.1578186515663611,0.001268482116490793,0.0015207632436782775
Bacteria_Firmicutes_Clostridia_Oscillospirales_Eubacterium_coprostanoligenes_group_NA_NA.15,12390.0,0.15581095849445,0.00024354497503739213,0.0005480112284864771
Bacteria_Firmicutes_Clostridia_Clostridia_UCG-014_NA_NA_NA.30,14140.5,0.15570766761883273,0.0019623133001643207,0.001143811775661401
Bacteria_Bacteroidota_Bacteroidia_Bacteroidales_Bacteroidaceae_Bacteroides_NA.305,12348.0,0.14917364854283113,0.0004022032594585691,0.0003511829553664807
Bacteria_Bacteroidota_Bacteroidia_Bacteroidales_Barnesiellaceae_Barnesiella_NA.31,14019.0,0.14521980282821767,0.0010272232398852307,0.0005210091459494783
Bacteria_Bacteroidota_Bacteroidia_Bacteroidales_Bacteroidaceae_Bacteroides_NA.311,14368.5,0.14483999307373674,0.0029999336711827676,0.0028409472385918723
Bacteria_Bacteroidota_Bacteroidia_Bacteroidales_Rikenellaceae_Alistipes_senegalensis.1,13922.0,0.13909170847768434,0.00021657488845727208,0.00012920523257487645
Bacteria_Bacteroidota_Bacteroidia_Bacteroidales_Bacteroidaceae_Bacteroides_massiliensis.3,11859.5,0.13883457741875316,0.0013483068692906508,0.004658228124969171
Bacteria_Bacteroidota_Bacteroidia_Bacteroidales_Bacteroidaceae_Bacteroides_eggerthii.2,11778.5,0.13757859193800479,0.0023867490390070438,0.0034531129850779783
Bacteria_Firmicutes_Clostridia_Lachnospirales_Lachnospiraceae_Coprococcus_comes.1,14431.0,0.12796782151211306,0.004738924427000588,0.004355411150033487
Bacteria_Firmicutes_Clostridia_Oscillospirales_Oscillospiraceae_UCG-002_NA.38,11700.0,0.12697387682467565,0.0040219565553622555,0.004278710493560433
Bacteria_Firmicutes_Clostridia_Lachnospirales_Lachnospiraceae_Anaerostipes_NA.18,14353.0,0.1257760480736507,0.0006911576608907293,0.0005764453103239531
Bacteria_Firmicutes_Clostridia_Oscillospirales_Ruminococcaceae_Incertae_Sedis_NA.20,14406.0,0.12320671457614076,0.0012267265259287119,0.0008180893615505753
Bacteria_Actinobacteriota_Actinobacteria_Bifidobacteriales_Bifidobacteriaceae_Bifidobacterium_NA.21,14347.0,0.12299294001279215,0.005241014451978877,0.0023980861356177724
Bacteria_Bacteroidota_Bacteroidia_Bacteroidales_Marinifilaceae_Butyricimonas_virosa.2,13879.0,0.11656473303547722,0.0002788613652505759,0.0001135423157976873
Bacteria_Firmicutes_Clostridia_Lachnospirales_Lachnospiraceae_Dorea_NA.31,14159.0,0.11488946604224443,0.00031154574515051875,0.00021906041900385853
Bacteria_Bacteroidota_Bacteroidia_Bacteroidales_Bacteroidaceae_Bacteroides_caccae.1,11644.0,0.11348568545730012,0.003158979803923029,0.0037445930102736583
Bacteria_Firmicutes_Clostridia_Oscillospirales_Eubacterium_coprostanoligenes_group_NA_NA.37,11930.5,0.10486562776861538,0.0004442082692188352,0.0009662251940391444
Bacteria_Bacteroidota_Bacteroidia_Bacteroidales_Bacteroidaceae_Bacteroides_NA.277,11616.0,0.09720012031379169,0.002893112263082104,0.0030249800165173014
Bacteria_Bacteroidota_Bacteroidia_Bacteroidales_Prevotellaceae_Prevotella_9_NA.134,12244.0,0.09486967266876124,0.0003248550885240283,0.0010700922189547906
Bacteria_Firmicutes_Clostridia_Lachnospirales_Lachnospiraceae_Ruminococcus_gnavus_group_NA.10,11564.0,0.0940567010992289,0.007333927965227997,0.005580093852392169
Bacteria_Bacteroidota_Bacteroidia_Bacteroidales_Bacteroidaceae_Bacteroides_NA.307,11675.0,0.0921428436288709,0.0018185915053642112,0.0011796562180286377
Bacteria_Bacteroidota_Bacteroidia_Bacteroidales_Bacteroidaceae_Bacteroides_vulgatus.5,11540.0,0.09035657272496779,0.03021059832062449,0.037675449227161664
Bacteria_Bacteroidota_Bacteroidia_Bacteroidales_Barnesiellaceae_Barnesiella_NA.23,13907.5,0.08798970430694719,0.0004926790275038834,0.00046507936943425676
Bacteria_Firmicutes_Clostridia_Lachnospirales_Lachnospiraceae_Lachnospiraceae_UCG-004_NA.7,11508.0,0.08333208933018332,0.0013512213731938752,0.0017025212569455259
Bacteria_Bacteroidota_Bacteroidia_Bacteroidales_Bacteroidaceae_Bacteroides_NA.374,14066.5,0.08188202369540412,0.000708580066208626,0.0002672396665045421
Bacteria_Firmicutes_Clostridia_Oscillospirales_Oscillospiraceae_UCG-005_NA.41,11802.0,0.08085255128230825,0.0003719478540387926,0.00045207559872510234
Bacteria_Actinobacteriota_Actinobacteria_Bifidobacteriales_Bifidobacteriaceae_Bifidobacterium_longum.1,12215.0,0.08037749053388503,0.0005177331956744115,0.0007713805754167446
Bacteria_Bacteroidota_Bacteroidia_Bacteroidales_Bacteroidaceae_Bacteroides_caccae.3,14149.0,0.0803574727688079,0.0005799388368788883,0.0003170391379818392
Bacteria_Firmicutes_Clostridia_Lachnospirales_Lachnospiraceae_Lachnoclostridium_NA.66,12169.0,0.0800727117207564,0.000253387374282606,0.00017521422949942446
Bacteria_Firmicutes_Clostridia_Lachnospirales_Lachnospiraceae_Lachnospiraceae_NK4A136_group_NA.1,11587.0,0.08002669095062956,0.0006248128262682334,0.0007854240515411099
Bacteria_Firmicutes_Clostridia_Peptostreptococcales-Tissierellales_Anaerovoracaceae_Family_XIII_AD3011_group_NA.13,11786.0,0.07519599796203533,0.0004790176963887009,0.0004907938096188468
Bacteria_Firmicutes_Clostridia_Lachnospirales_Lachnospiraceae_Lachnospiraceae_NK4A136_group_NA.20,14251.0,0.07409490366982509,0.0008997432315345354,0.0002169112295296106
Bacteria_Bacteroidota_Bacteroidia_Bacteroidales_Bacteroidaceae_Bacteroides_NA.330,11559.0,0.07346509848500236,0.0013964288981802254,0.002590236841244415
Bacteria_Bacteroidota_Bacteroidia_Bacteroidales_Bacteroidaceae_Bacteroides_NA.353,12078.0,0.06769817881838858,0.0003800824311265633,0.00034076816250990167
Bacteria_Firmicutes_Clostridia_Oscillospirales_Ruminococcaceae_Faecalibacterium_NA.13,14710.0,0.06686117663038034,0.017188545869823157,0.01346857511608214
Bacteria_Bacteroidota_Bacteroidia_Bacteroidales_Bacteroidaceae_Bacteroides_uniformis.5,11390.0,0.06282564753350829,0.0272411192301885,0.029696072764894367
Bacteria_Firmicutes_Clostridia_Oscillospirales_UCG-010_NA_NA.18,14351.5,0.06084852067038503,0.0006692741292875029,0.00035239812442438954
Bacteria_Firmicutes_Clostridia_Lachnospirales_Lachnospiraceae_Lachnospira_pectinoschiza.1,11340.5,0.05542840579205075,0.004902363729410411,0.005670635714798234
Bacteria_Firmicutes_Clostridia_Lachnospirales_Lachnospiraceae_Lachnospiraceae_UCG-003_NA.9,14525.5,0.055170339011888225,0.0007726032753154332,0.0003930017035507484
Bacteria_Bacteroidota_Bacteroidia_Bacteroidales_Prevotellaceae_Prevotella_9_copri.2,14600.0,0.05116014274008416,0.00549900145974714,0.00174955311998151
Bacteria_Firmicutes_Clostridia_Clostridia_UCG-014_NA_NA_NA.79,14000.0,0.05044235942584336,0.00027755245925230294,0.00010110887819641227
Bacteria_Firmicutes_Clostridia_Oscillospirales_Oscillospiraceae_UCG-003_NA.8,14403.0,0.05033454022984253,0.00038086276156309415,0.0002046519592074751
Bacteria_Firmicutes_Clostridia_Oscillospirales_Ruminococcaceae_Subdoligranulum_NA.18,11299.0,0.04979992717297768,0.007701190386598045,0.008826915389498143
Bacteria_Firmicutes_Clostridia_Oscillospirales_Ruminococcaceae_Eubacterium_siraeum_group_NA.15,14834.0,0.04873719582895862,0.004344215292264166,0.003594801014498049
Bacteria_Bacteroidota_Bacteroidia_Bacteroidales_Barnesiellaceae_Barnesiella_NA.44,11492.5,0.047728874610056836,0.002358378772328129,0.0031612752882358023
Bacteria_Firmicutes_Clostridia_Peptostreptococcales-Tissierellales_Peptostreptococcaceae_Romboutsia_sedimentorum.1,14132.0,0.04716320883522759,0.0005402910387095584,7.246176529109536e-05
Bacteria_Firmicutes_Clostridia_Lachnospirales_Lachnospiraceae_Lachnoclostridium_NA.98,11789.0,0.04698872009607032,0.000330507696098666,0.0011606053437146623
Bacteria_Firmicutes_Clostridia_Christensenellales_Christensenellaceae_Christensenellaceae_R-7_group_NA.119,14859.0,0.045573994438151244,0.003202842438890369,0.002847822559958003
Bacteria_Bacteroidota_Bacteroidia_Bacteroidales_Prevotellaceae_Prevotella_7_NA.11,14518.0,0.04512966763677038,0.003958096663762727,0.0010309795464947928
Bacteria_Firmicutes_Clostridia_Oscillospirales_Oscillospiraceae_NK4A214_group_NA.25,11225.5,0.04032403483167765,0.0018007358941267435,0.002459402049436877
Bacteria_Firmicutes_Clostridia_Clostridiales_Clostridiaceae_Clostridium_sensu_stricto_1_NA.29,11228.0,0.03992292565390046,0.003364852181889845,0.0022284004694126847
Bacteria_Bacteroidota_Bacteroidia_Bacteroidales_Tannerellaceae_NA_NA.1,11476.5,0.038551417016091896,0.0006638857794585301,0.0032375151210907054
Bacteria_Bacteroidota_Bacteroidia_Bacteroidales_Bacteroidaceae_Bacteroides_uniformis.3,11461.0,0.035359399916757385,0.0012529517871131654,0.001373554546508797
Bacteria_Firmicutes_Clostridia_Oscillospirales_Oscillospiraceae_Colidextribacter_NA.14,14459.0,0.03341685831415443,0.00048967078812581,0.00016848037887665462
Bacteria_Proteobacteria_Alphaproteobacteria_Rhodospirillales_NA_NA_NA.4,11654.0,0.03192704551702463,0.0010257346740134142,0.0016551516966581761
Bacteria_Firmicutes_Clostridia_Oscillospirales_Butyricicoccaceae_Butyricicoccus_NA.13,11671.0,0.03160010642748138,0.000161350087237091,0.0002264411920555981
Bacteria_Firmicutes_Clostridia_Oscillospirales_Oscillospiraceae_Flavonifractor_plautii.1,11284.0,0.03132518606076606,0.0007820933839886163,0.0006779350415261812
Bacteria_Firmicutes_Clostridia_Oscillospirales_Ruminococcaceae_Eubacterium_siraeum_group_NA.14,11706.0,0.029009721700600153,0.00045290398553076447,0.0015581638768617943
Bacteria_Firmicutes_Clostridia_Oscillospirales_Eubacterium_coprostanoligenes_group_NA_NA.48,11218.0,0.026563842146446366,0.0008029286921051115,0.0010295492472518581
Bacteria_Bacteroidota_Bacteroidia_Bacteroidales_Bacteroidaceae_Bacteroides_thetaiotaomicron.1,11061.0,0.025962884878218715,0.005808066403566585,0.006773159761601619
Bacteria_Firmicutes_Clostridia_Oscillospirales_Oscillospiraceae_UCG-002_NA.36,14489.0,0.02533111788273786,0.0006982352244951686,0.00017522938963110085
Bacteria_Firmicutes_Clostridia_Oscillospirales_Ruminococcaceae_Faecalibacterium_prausnitzii.2,11850.0,0.02442722481119913,0.00046677688200000067,0.0005867595981363287
Bacteria_Firmicutes_Clostridia_Clostridia_UCG-014_NA_NA_NA.51,14565.5,0.023893156618956732,0.0005317210754035604,0.0002451337913134667
Bacteria_Firmicutes_Clostridia_Clostridia_vadinBB60_group_NA_NA_NA.61,14435.5,0.023760969425054814,0.0004729231071320661,0.00029195422701496675
Bacteria_Firmicutes_Clostridia_Oscillospirales_Ruminococcaceae_CAG-352_NA.5,14165.0,0.021410442621001804,0.0003518812383963989,0.0001863467451510448
Bacteria_Firmicutes_Clostridia_Lachnospirales_Lachnospiraceae_Ruminococcus_torques_group_NA.27,15131.0,0.021388651768454874,0.008071535079853953,0.0060420267664721555
Bacteria_Bacteroidota_Bacteroidia_Bacteroidales_Muribaculaceae_CAG-873_NA.3,14640.5,0.02071758678739224,0.0029071611656068318,0.0011730533289140196
Bacteria_Firmicutes_Clostridia_Oscillospirales_Oscillospiraceae_UCG-005_NA.22,15146.5,0.02042328275120597,0.004254539136582609,0.003459228632592096
Bacteria_Bacteroidota_Bacteroidia_Bacteroidales_Bacteroidaceae_Bacteroides_plebeius.1,11413.0,0.019792455128844096,0.0030304280129014568,0.005493165139816139
Bacteria_Bacteroidota_Bacteroidia_Bacteroidales_Bacteroidaceae_Bacteroides_ovatus.2,11437.0,0.01941027362661224,0.0012168991772961522,0.0015780663805138378
Bacteria_Bacteroidota_Bacteroidia_Bacteroidales_Prevotellaceae_Paraprevotella_NA.1,14323.5,0.018257941823075725,0.0006270993843622145,0.00015116664391267792
Bacteria_Firmicutes_Clostridia_Lachnospirales_Lachnospiraceae_Eisenbergiella_tayi.1,14371.0,0.0168910008806228,0.0003298366625990248,7.718159386500866e-05
Bacteria_Firmicutes_Clostridia_Lachnospirales_Lachnospiraceae_NA_NA.77,11190.0,0.016638503572543917,0.0003283374532414442,0.0004422322518204154
Bacteria_Firmicutes_Clostridia_Lachnospirales_Lachnospiraceae_Agathobacter_NA.142,10902.0,0.016242397751416202,0.010276834935781392,0.011332403044587264
Bacteria_Firmicutes_Clostridia_Lachnospirales_Lachnospiraceae_Coprococcus_NA.8,14861.5,0.016107629016930677,0.0005703921154643826,0.00026786664125324567
Bacteria_Actinobacteriota_Coriobacteriia_Coriobacteriales_Eggerthellaceae_NA_NA.2,15248.0,0.01428011027731539,0.0017739864140948276,0.0016027295625002287
Bacteria_Firmicutes_Clostridia_Lachnospirales_Lachnospiraceae_Dorea_longicatena.1,10839.0,0.013379026417104471,0.007718313453645734,0.008588419261654134
Bacteria_Firmicutes_Clostridia_Oscillospirales_Oscillospiraceae_NK4A214_group_NA.47,14388.5,0.013062504844947701,0.00023452153941488343,5.8719936856371396e-05
Bacteria_Firmicutes_Clostridia_Lachnospirales_Lachnospiraceae_Eubacterium_eligens_group_NA.13,15298.5,0.012866237800109365,0.0044239998148336065,0.0034919319688190083
Bacteria_Firmicutes_Clostridia_Oscillospirales_Oscillospiraceae_UCG-002_NA.30,15240.0,0.01240673751830206,0.0027150799732152866,0.0018416906069866738
Bacteria_Firmicutes_Clostridia_Oscillospirales_Ruminococcaceae_Ruminococcus_NA.10,11201.0,0.012053305757815104,0.0010535248205251414,0.0015486740672245375
Bacteria_Firmicutes_Clostridia_Oscillospirales_Ruminococcaceae_Faecalibacterium_prausnitzii.4,15125.0,0.011784870411680448,0.001696290992710079,0.0008596772324170179
Bacteria_Bacteroidota_Bacteroidia_Bacteroidales_Prevotellaceae_Prevotella_9_NA.69,11864.5,0.01143268014609371,0.0003879654954867359,0.0014011036375872516
Bacteria_Firmicutes_Clostridia_Oscillospirales_Oscillospiraceae_UCG-005_NA.37,14302.0,0.011410178005914767,0.00036458143859608447,5.066117501509286e-05
Bacteria_Firmicutes_Clostridia_Oscillospirales_Ruminococcaceae_Ruminococcus_bromii.2,15351.5,0.010356276401854358,0.0028045278564118683,0.0015991513250121182
Bacteria_Bacteroidota_Bacteroidia_Bacteroidales_Bacteroidaceae_Bacteroides_NA.398,10736.0,0.009649998665245985,0.04113113546802785,0.05427961979883846
Bacteria_Bacteroidota_Bacteroidia_Bacteroidales_Bacteroidaceae_Bacteroides_NA.37,14275.0,0.009582184821718374,0.0004748398588649285,3.620859553065156e-05
Bacteria_Bacteroidota_Bacteroidia_Bacteroidales_Barnesiellaceae_Barnesiella_NA.40,10779.0,0.009471369003572776,0.003619256164923889,0.003409701046451756
Bacteria_Bacteroidota_Bacteroidia_Bacteroidales_Bacteroidaceae_Bacteroides_NA.359,14280.0,0.009288740169569813,0.0012774127136705817,5.518461385312773e-05
Bacteria_Actinobacteriota_Coriobacteriia_Coriobacteriales_Coriobacteriaceae_Collinsella_aerofaciens.1,10720.0,0.009162572445364751,0.018114271713826773,0.022388644319188303
Bacteria_Firmicutes_Clostridia_Lachnospirales_Lachnospiraceae_Blautia_NA.26,11511.5,0.0088502836653688,0.0010522783491948991,0.00039642638402292686
Bacteria_Firmicutes_Clostridia_Oscillospirales_Ruminococcaceae_Ruminococcus_bicirculans.1,10715.5,0.008816853499538037,0.0029152786132071646,0.004580162717885188
Bacteria_Bacteroidota_Bacteroidia_Bacteroidales_Prevotellaceae_Prevotellaceae_NK3B31_group_NA.2,11572.0,0.008791384094791395,0.0004872978509048085,0.0010289141324128098
Bacteria_Firmicutes_Clostridia_Oscillospirales_Oscillospiraceae_NK4A214_group_NA.18,11327.5,0.008517510340100443,0.000626292510266405,0.0007491649731387329
Bacteria_Bacteroidota_Bacteroidia_Bacteroidales_Rikenellaceae_Alistipes_shahii.2,15327.5,0.00836112254457912,0.0014646853613415531,0.0007884118523417883
Bacteria_Firmicutes_Bacilli_Acholeplasmatales_Acholeplasmataceae_Anaeroplasma_NA.1,14467.0,0.008001607209636335,0.0008661722416788129,0.0001230756271279002
Bacteria_Bacteroidota_Bacteroidia_Bacteroidales_Prevotellaceae_Prevotella_9_NA.88,14416.5,0.00738323768028921,0.0010711352575012419,8.957420330174085e-05
Bacteria_Firmicutes_Clostridia_Oscillospirales_Ruminococcaceae_Faecalibacterium_prausnitzii.1,15472.0,0.007351699978408093,0.019815405491377107,0.014248063798674994
Bacteria_Bacteroidota_Bacteroidia_Bacteroidales_Rikenellaceae_Rikenellaceae_RC9_gut_group_NA.51,14350.0,0.007211951172094688,0.0006687385717541155,0.0020485164932098556
Bacteria_Bacteroidota_Bacteroidia_Bacteroidales_Muribaculaceae_NA_NA.137,14378.0,0.006044608796129564,0.0007629660754584264,9.230947120413311e-05
Bacteria_Firmicutes_Clostridia_Lachnospirales_Lachnospiraceae_Butyrivibrio_crossotus.1,10621.0,0.005737437072896405,0.005688226144635769,0.0074708000715823925
Bacteria_Firmicutes_Clostridia_Lachnospirales_Lachnospiraceae_Lachnospira_pectinoschiza.2,10572.0,0.005382971705593347,0.0015663627725774325,0.0030938869881948056
Bacteria_Firmicutes_Clostridia_Oscillospirales_UCG-010_NA_NA.66,14765.0,0.005313740538580097,0.000301004894346859,0.0001968464090611036
Bacteria_Firmicutes_Clostridia_Clostridia_UCG-014_NA_NA_NA.118,14415.0,0.0052546438024519216,0.00034369274870247837,4.307911178717093e-05
Bacteria_Firmicutes_Clostridia_Oscillospirales_Oscillospiraceae_NK4A214_group_NA.48,15348.0,0.004776941552835977,0.0008615759190826312,0.0005096214391679666
Bacteria_Firmicutes_Clostridia_Lachnospirales_Lachnospiraceae_Frisingicoccus_NA.1,14916.0,0.004752398716330156,0.0004092344239039207,0.00012384993554408205
Bacteria_Firmicutes_Clostridia_Oscillospirales_Oscillospiraceae_UCG-002_NA.31,14773.0,0.004119312195236157,0.000831274623507764,0.00015632078261547717
Bacteria_Bacteroidota_Bacteroidia_Bacteroidales_Tannerellaceae_Parabacteroides_distasonis.7,10957.0,0.0036443034924261287,0.0005134292831228171,0.0008685759161882299
Bacteria_Bacteroidota_Bacteroidia_Bacteroidales_Rikenellaceae_Alistipes_NA.28,14710.0,0.0035309624770366523,0.0004307227878137496,8.404626530949154e-05
Bacteria_Firmicutes_Clostridia_Lachnospirales_Lachnospiraceae_Sellimonas_intestinalis.1,14825.0,0.003500245281979804,0.0003157268417657667,9.39072346275194e-05
Bacteria_Firmicutes_Clostridia_Oscillospirales_Ruminococcaceae_Ruminococcus_NA.26,15435.0,0.0032940036320904223,0.0017819610961851578,0.0010351676720843342
Bacteria_Proteobacteria_Alphaproteobacteria_Rhodospirillales_NA_NA_NA.5,11227.0,0.0031306141876325873,0.0005335091057985453,0.0007670735536949661
Bacteria_Firmicutes_Clostridia_Lachnospirales_Lachnospiraceae_Anaerostipes_hadrus.1,15730.0,0.0030011772298128778,0.0025548303779844043,0.00194205293472212
Bacteria_Firmicutes_Clostridia_Clostridia_vadinBB60_group_NA_NA_NA.82,14539.0,0.0028647980870370716,0.0008314494896998561,4.647801481069079e-05
Bacteria_Firmicutes_Clostridia_Oscillospirales_Oscillospiraceae_UCG-002_NA.11,15514.0,0.0028376971389468784,0.0012978924177500367,0.0005545845607827695
Bacteria_Firmicutes_Clostridia_Monoglobales_Monoglobaceae_Monoglobus_NA.5,10371.5,0.0027554245732799155,0.0029411876974966343,0.0036535790600502145
Bacteria_Bacteroidota_Bacteroidia_Bacteroidales_Prevotellaceae_Prevotella_9_NA.108,10920.0,0.0023031010002169255,0.001302761697228454,0.005576467341543247
Bacteria_Firmicutes_Clostridia_Peptostreptococcales-Tissierellales_Peptostreptococcaceae_Romboutsia_NA.10,10305.0,0.002105474426025173,0.001753581734557755,0.0023499155818044277
Bacteria_Firmicutes_Clostridia_Oscillospirales_Ruminococcaceae_Ruminococcus_NA.13,15443.0,0.002040075272679371,0.001009369163862608,0.00034382669169932703
Bacteria_Firmicutes_Clostridia_Clostridia_UCG-014_NA_NA_NA.22,15455.0,0.0019818080621021982,0.001577920742141873,0.0003673333577390381
Bacteria_Firmicutes_Clostridia_Lachnospirales_Lachnospiraceae_Agathobacter_NA.87,10280.0,0.0019647270306182704,0.060762624029092986,0.07369314252444611
Bacteria_Firmicutes_Clostridia_Lachnospirales_Lachnospiraceae_NA_NA.43,10640.5,0.0019091089046098884,0.00038373585698656674,0.0006192014262058445
Bacteria_Bacteroidota_Bacteroidia_Bacteroidales_Bacteroidaceae_Bacteroides_NA.320,15034.0,0.0017906078815696936,0.0005887507426860862,0.00011914208495623971
Bacteria_Bacteroidota_Bacteroidia_Bacteroidales_Bacteroidaceae_Bacteroides_clarus.1,15154.0,0.00174795979977965,0.000864145130081223,0.00017555542054572624
Bacteria_Firmicutes_Clostridia_Oscillospirales_Oscillospiraceae_UCG-005_NA.33,14893.5,0.0017419846281671837,0.0002959461761867911,8.468189873262184e-05
Bacteria_Firmicutes_Clostridia_Oscillospirales_Ruminococcaceae_CAG-352_NA.6,15249.0,0.00172994635674915,0.0006497480229762425,0.0002892966626753427
Bacteria_Firmicutes_Clostridia_Lachnospirales_Lachnospiraceae_Lachnospiraceae_NK4A136_group_NA.52,15889.0,0.0016634851571446663,0.006428875441109288,0.004746145037683504
Bacteria_Bacteroidota_Bacteroidia_Bacteroidales_Bacteroidaceae_Bacteroides_nordii.1,14688.0,0.0016072069817267994,0.00039651668439446295,7.316806414929838e-05
Bacteria_Bacteroidota_Bacteroidia_Bacteroidales_Bacteroidaceae_Bacteroides_NA.310,11333.0,0.0015883841721458063,0.0003293519813886104,0.0005395408930842716
Bacteria_Firmicutes_Clostridia_Oscillospirales_Ruminococcaceae_Subdoligranulum_NA.60,15904.0,0.0015714107667324205,0.01186786813207808,0.008617888542695419
Bacteria_Bacteroidota_Bacteroidia_Bacteroidales_Marinifilaceae_Odoribacter_splanchnicus.3,15640.0,0.0015403636673335605,0.0005912927381893453,0.00027306443098815386
Bacteria_Firmicutes_Clostridia_Clostridia_vadinBB60_group_NA_NA_NA.20,15871.0,0.0014477560101929386,0.003862319885389279,0.002099987312296529
Bacteria_Bacteroidota_Bacteroidia_Bacteroidales_Rikenellaceae_Rikenellaceae_RC9_gut_group_NA.34,14623.0,0.0014459394938739262,0.001387152667452341,0.00012491879653346813
Bacteria_Firmicutes_Clostridia_Lachnospirales_Lachnospiraceae_Lachnoclostridium_NA.88,10319.0,0.0014282789647550142,0.000634834458555295,0.0009123467864728008
Bacteria_Bacteroidota_Bacteroidia_Bacteroidales_Barnesiellaceae_Barnesiella_intestinihominis.2,10696.0,0.0014136496594574768,0.0008383111558565091,0.001687951599013464
Bacteria_Firmicutes_Clostridia_Christensenellales_Christensenellaceae_Christensenellaceae_R-7_group_NA.96,15804.0,0.0013990699357633778,0.0013214243038131225,0.0005986136525284146
Bacteria_Bacteroidota_Bacteroidia_Bacteroidales_Tannerellaceae_Parabacteroides_merdae.1,15996.0,0.00110033314673702,0.008171768015152611,0.005507315118711306
Bacteria_Firmicutes_Clostridia_Lachnospirales_Lachnospiraceae_Eisenbergiella_massiliensis.1,11312.5,0.0010528094826146562,0.00012437566772860247,0.0005138183092317993
Bacteria_Firmicutes_Clostridia_Christensenellales_Christensenellaceae_Christensenellaceae_R-7_group_NA.131,16005.0,0.00101921296457613,0.0033818278820678237,0.0022986976768841123
Bacteria_Bacteroidota_Bacteroidia_Bacteroidales_Prevotellaceae_Paraprevotella_NA.9,10198.0,0.0009303891809639416,0.0013712143887357226,0.00220097415084302
Bacteria_Firmicutes_Clostridia_Lachnospirales_Lachnospiraceae_NA_NA.59,10089.0,0.0009250712811762109,0.0026445152226665103,0.003939753838364484
Bacteria_Firmicutes_Clostridia_Lachnospirales_Lachnospiraceae_Lachnoclostridium_NA.64,10156.0,0.0008517255567745062,0.0018187311206448325,0.004008518820515637
Bacteria_Fusobacteriota_Fusobacteriia_Fusobacteriales_Fusobacteriaceae_Fusobacterium_necrophorum.1,14739.0,0.0008051189344518308,0.0010310553745531998,2.9185279480725197e-05
Bacteria_Firmicutes_Clostridia_Oscillospirales_Ruminococcaceae_Ruminococcus_champanellensis.2,15266.5,0.0007437653258077691,0.0005011437628222028,0.00010055539309024686
Bacteria_Firmicutes_Clostridia_Lachnospirales_Lachnospiraceae_Lachnospiraceae_UCG-004_NA.20,10272.0,0.0007417764215660143,0.0005141437166853972,0.0007654860243616168
Bacteria_Firmicutes_Clostridia_Clostridia_UCG-014_NA_NA_NA.116,14918.0,0.000703602805325795,0.0003193495086344749,2.3494372022992967e-05
Bacteria_Firmicutes_Clostridia_Oscillospirales_Ruminococcaceae_NA_NA.68,11346.0,0.000682389655668981,7.134544733889008e-05,0.00017394438964807215
Bacteria_Bacteroidota_Bacteroidia_Bacteroidales_Bacteroidaceae_Bacteroides_uniformis.1,10006.0,0.0006728953734025215,0.020591455119899443,0.02739135493901486
Bacteria_Bacteroidota_Bacteroidia_Bacteroidales_Bacteroidaceae_Bacteroides_NA.286,15859.0,0.0006497657297557127,0.004010418628151326,0.0009667689941629394
Bacteria_Firmicutes_Clostridia_Oscillospirales_Eubacterium_coprostanoligenes_group_NA_NA.49,11067.0,0.0005917833319205334,0.00028690281526576355,0.001543117933699443
Bacteria_Bacteroidota_Bacteroidia_Bacteroidales_Bacteroidaceae_Bacteroides_intestinalis.3,14691.0,0.0005851014282502738,0.00023909304319250394,9.890015323101663e-06
Bacteria_Firmicutes_Clostridia_Christensenellales_Christensenellaceae_Christensenellaceae_R-7_group_NA.154,14819.0,0.0005780085704744164,0.00044515824312944916,5.1273081956076205e-05
Bacteria_Bacteroidota_Bacteroidia_Bacteroidales_Rikenellaceae_Alistipes_NA.47,16179.0,0.0005257297941445895,0.010958166752810724,0.005414938867470492
Bacteria_Bacteroidota_Bacteroidia_Bacteroidales_Rikenellaceae_Rikenellaceae_RC9_gut_group_NA.31,14725.0,0.0005208645436796732,0.0010423598689089067,1.6944108798122593e-05
Bacteria_Bacteroidota_Bacteroidia_Bacteroidales_Prevotellaceae_Paraprevotella_NA.11,15052.0,0.0004266003389513056,0.001074024599888579,6.659642485848449e-05
Bacteria_Verrucomicrobiota_Verrucomicrobiae_Verrucomicrobiales_Akkermansiaceae_Akkermansia_muciniphila.1,15550.0,0.0004208831229469352,0.003954158508883283,0.0003515888247168884
Bacteria_Firmicutes_Clostridia_Oscillospirales_Ruminococcaceae_Eubacterium_siraeum_group_NA.12,16212.0,0.00036356774764420834,0.0014928115688017086,0.0009249257269253513
Bacteria_Bacteroidota_Bacteroidia_Bacteroidales_Bacteroidaceae_Bacteroides_intestinalis.1,15613.5,0.00034372190086457555,0.00074300607752345,0.0004360116072280598
Bacteria_Bacteroidota_Bacteroidia_Bacteroidales_Bacteroidaceae_Bacteroides_coprocola.3,15009.0,0.00033924883877078915,0.0011081495776059992,5.7763091024240265e-05
Bacteria_Firmicutes_Clostridia_Oscillospirales_Oscillospiraceae_NA_NA.16,16236.0,0.00032965398403757843,0.0012826543606653518,0.0007009585073633281
Bacteria_Bacteroidota_Bacteroidia_Bacteroidales_Bacteroidaceae_Bacteroides_vulgatus.1,16320.0,0.00029002914375813655,0.016178626821709202,0.01218097923848496
Bacteria_Bacteroidota_Bacteroidia_Bacteroidales_Bacteroidaceae_Bacteroides_NA.339,11315.0,0.0002650654544439967,0.0002964924089306818,0.0011113921547594317
Bacteria_Firmicutes_Clostridia_Christensenellales_Christensenellaceae_Christensenellaceae_R-7_group_NA.141,15985.5,0.00022739973788081765,0.0010241850628303552,0.00033149160799257003
Bacteria_Firmicutes_Clostridia_Lachnospirales_Lachnospiraceae_Blautia_NA.6,10532.0,0.0001956010097623879,0.00030816061835378384,0.0005977442102658627
Bacteria_Bacteroidota_Bacteroidia_Bacteroidales_Bacteroidaceae_Bacteroides_NA.383,10958.0,0.0001939626586849058,0.0007933163550470979,0.0033607789336620045
Bacteria_Firmicutes_Clostridia_Oscillospirales_Oscillospiraceae_UCG-002_NA.61,15062.5,0.00018100038737183256,0.0012494176229295246,5.2454588624555025e-05
Bacteria_Firmicutes_Clostridia_Lachnospirales_Lachnospiraceae_Lachnospiraceae_UCG-010_NA.16,15662.5,0.00017452701643933056,0.0007216831135683732,0.00012575488837755867
Bacteria_Bacteroidota_Bacteroidia_Bacteroidales_Bacteroidaceae_Bacteroides_NA.343,11184.0,0.0001734024736723163,0.00022611998350313917,0.001152732256594449
Bacteria_Bacteroidota_Bacteroidia_Bacteroidales_Prevotellaceae_Prevotella_intermedia.3,14820.0,0.000173032396692891,0.00166187815842353,0.0
Bacteria_Firmicutes_Clostridia_Clostridia_UCG-014_NA_NA_NA.6,14820.0,0.000173032396692891,0.0003717098758521115,0.0
Bacteria_Firmicutes_Clostridia_Clostridia_vadinBB60_group_NA_NA_NA.16,16431.0,0.00017207698897193075,0.0035920027979523925,0.002073713491991488
Bacteria_Firmicutes_Clostridia_Lachnospirales_Lachnospiraceae_NA_NA.31,10434.0,0.00016551868085412966,0.0002376327976665815,0.00044181335799450285
Bacteria_Firmicutes_Clostridia_Clostridia_UCG-014_NA_NA_NA.28,16289.5,0.00013988683151282998,0.0022518493712775063,0.0011658525663661092
Bacteria_Bacteroidota_Bacteroidia_Bacteroidales_Prevotellaceae_Alloprevotella_NA.39,14867.5,0.0001382902801877954,0.0005885864039258553,0.0
Bacteria_Firmicutes_Clostridia_Lachnospirales_Lachnospiraceae_Roseburia_inulinivorans.1,9624.5,0.00013083375523433111,0.006227993530541386,0.00887241802864378
Bacteria_Firmicutes_Clostridia_Lachnospirales_Lachnospiraceae_Blautia_NA.18,16481.0,0.00012180624190498353,0.0011553901196768048,0.0007322394971651205
Bacteria_Firmicutes_Clostridia_Oscillospirales_Eubacterium_coprostanoligenes_group_NA_NA.55,10876.5,0.00012151453371645717,0.00023414369093899794,0.0013755594501506658
Bacteria_Firmicutes_Clostridia_Christensenellales_Christensenellaceae_Christensenellaceae_R-7_group_NA.165,15942.0,0.00011705104301119901,0.001140023103581385,0.0004031176762076181
Bacteria_Firmicutes_Clostridia_Lachnospirales_Lachnospiraceae_Eubacterium_hallii_group_NA.10,16151.0,0.00011692462716777623,0.0005119182812235251,0.00022542109302893607
Bacteria_Firmicutes_Clostridia_Oscillospirales_Butyricicoccaceae_Butyricicoccus_NA.25,16449.0,0.00011220907617391759,0.0008584055994677654,0.000549814801502686
Bacteria_Bacteroidota_Bacteroidia_Bacteroidales_Barnesiellaceae_Coprobacter_NA.10,15707.5,0.0001054761624886571,0.0004369241417738177,9.656159553013538e-05
Bacteria_Firmicutes_Clostridia_Oscillospirales_Oscillospiraceae_Intestinimonas_NA.7,15806.0,9.488822713156095e-05,0.0005216569009437944,0.00016590750453717085
Bacteria_Firmicutes_Clostridia_Oscillospirales_Oscillospiraceae_NK4A214_group_NA.35,15498.0,8.062209793445516e-05,0.00027984656314652734,7.763424112229987e-05
Bacteria_Bacteroidota_Bacteroidia_Bacteroidales_Bacteroidaceae_Bacteroides_ovatus.1,16068.0,4.797489402779331e-05,0.0013101722584007306,0.0002057718376817417
Bacteria_Bacteroidota_Bacteroidia_Bacteroidales_Bacteroidaceae_Bacteroides_stercoris.1,9406.0,3.9344066072455126e-05,0.004680578383209545,0.006743205709791414
Bacteria_Firmicutes_Clostridia_Christensenellales_Christensenellaceae_Christensenellaceae_R-7_group_NA.113,16679.5,3.6616823483571124e-05,0.002323773388531968,0.0014020521807141808
Bacteria_Firmicutes_Clostridia_Peptostreptococcales-Tissierellales_Anaerovoracaceae_Family_XIII_AD3011_group_NA.12,15466.0,3.504670939464477e-05,0.00024691364036503777,1.658659374337638e-05
Bacteria_Bacteroidota_Bacteroidia_Bacteroidales_Bacteroidaceae_Bacteroides_uniformis.2,10736.5,3.327529182005389e-05,0.0006376690624290809,0.0033741168192000406
Bacteria_Firmicutes_Clostridia_Christensenellales_Christensenellaceae_Christensenellaceae_R-7_group_NA.10,15200.0,2.8082593967221974e-05,0.0004885995789863359,0.0
Bacteria_Firmicutes_Clostridia_Clostridia_vadinBB60_group_NA_NA_NA.56,15392.0,2.1004540244312737e-05,0.00035120167180862873,1.2183788871661703e-05
Bacteria_Firmicutes_Clostridia_Lachnospirales_Lachnospiraceae_NA_NA.44,15888.0,1.6747018843103866e-05,0.000963325507143473,0.00016027888968253603
Bacteria_Bacteroidota_Bacteroidia_Bacteroidales_Tannerellaceae_Parabacteroides_distasonis.6,16005.0,1.368724848019982e-05,0.0007888287878203592,0.0001416845940347626
Bacteria_Bacteroidota_Bacteroidia_Bacteroidales_Rikenellaceae_Alistipes_finegoldii.1,15594.0,1.3105595300568845e-05,0.0005839971971657934,5.7171550171373844e-05
Bacteria_Firmicutes_Clostridia_Lachnospirales_Lachnospiraceae_Lachnospiraceae_ND3007_group_NA.9,9093.0,1.0041343253695293e-05,0.003212892195982774,0.004353447431925099
Bacteria_Firmicutes_Clostridia_Lachnospirales_Lachnospiraceae_Roseburia_hominis.1,16616.0,8.97485013345701e-06,0.0015589507238635263,0.0007070154580159645
Bacteria_Firmicutes_Clostridia_Oscillospirales_Oscillospiraceae_UCG-002_NA.37,16191.5,6.269525278135578e-06,0.0007160994816229272,0.00011077433863003918
Bacteria_Bacteroidota_Bacteroidia_Bacteroidales_Tannerellaceae_Parabacteroides_distasonis.9,9041.5,5.979307425330861e-06,0.0024621082205487743,0.006525743656404853
Bacteria_Firmicutes_Clostridia_Oscillospirales_Oscillospiraceae_UCG-002_NA.55,17143.0,5.630448110696354e-06,0.00975926782150494,0.006425155797488153
Bacteria_Firmicutes_Clostridia_Clostridia_vadinBB60_group_NA_NA_NA.9,15820.5,4.27254512956576e-06,0.0007982836679154348,2.8919889553438077e-05
Bacteria_Bacteroidota_Bacteroidia_Bacteroidales_Porphyromonadaceae_Porphyromonas_NA.22,15627.5,3.3666641744710267e-06,0.0033032167148713204,0.0
Bacteria_Bacteroidota_Bacteroidia_Bacteroidales_Prevotellaceae_Prevotella_7_NA.8,15627.5,3.3666641744710267e-06,0.000684191534940771,0.0
Bacteria_Firmicutes_Clostridia_Lachnospirales_Lachnospiraceae_Lachnoclostridium_edouardi.1,8864.5,3.0023866057101065e-06,0.002573373954016873,0.004126792551363067
Bacteria_Firmicutes_Clostridia_Oscillospirales_Oscillospiraceae_UCG-005_NA.62,17334.0,1.9346345280190696e-06,0.0030536651105432405,0.0017835008071357742
Bacteria_Firmicutes_Clostridia_Oscillospirales_Ruminococcaceae_Incertae_Sedis_NA.23,17309.0,1.9241557259631865e-06,0.0013655045441972275,0.0007906304372201626
Bacteria_Bacteroidota_Bacteroidia_Bacteroidales_Bacteroidaceae_Bacteroides_vulgatus.2,8759.0,1.2541525687010598e-06,0.002762166031100235,0.007386635635186286
Bacteria_Firmicutes_Clostridia_Peptostreptococcales-Tissierellales_Family_XI_Parvimonas_micra.1,16164.0,1.155477142506326e-06,0.0007266404785111805,4.349534474068947e-05
Bacteria_Bacteroidota_Bacteroidia_Bacteroidales_Porphyromonadaceae_Porphyromonas_NA.30,15973.0,1.0494870158046272e-06,0.0015134878722383718,1.247945508703374e-05
Bacteria_Actinobacteriota_Actinobacteria_Bifidobacteriales_Bifidobacteriaceae_Bifidobacterium_NA.12,8673.0,1.0415719683066783e-06,0.020738268432053092,0.04401869491777674
Bacteria_Firmicutes_Clostridia_Lachnospirales_Lachnospiraceae_Blautia_obeum.1,17474.0,9.181209138854838e-07,0.003024461299221231,0.0018749975734533928
Bacteria_Bacteroidota_Bacteroidia_Bacteroidales_Rikenellaceae_Alistipes_obesi.1,17375.0,6.702144111778833e-07,0.0013288256315233374,0.0006442649280834357
Bacteria_Actinobacteriota_Actinobacteria_Bifidobacteriales_Bifidobacteriaceae_Bifidobacterium_longum.2,8579.0,6.081919375499931e-07,0.00954721923685671,0.021680497747085168
Bacteria_Bacteroidota_Bacteroidia_Bacteroidales_Bacteroidaceae_Bacteroides_coprocola.2,10640.0,5.737704733494474e-07,0.00023371760774923943,0.0014715454111252373
Bacteria_Firmicutes_Clostridia_Lachnospirales_Lachnospiraceae_Lachnoclostridium_NA.102,8742.5,4.897570628665386e-07,0.0006712300688556938,0.001804629065221404
Bacteria_Firmicutes_Clostridia_Lachnospirales_Lachnospiraceae_Eubacterium_eligens_group_NA.15,17584.0,4.889590353369852e-07,0.004094405291332369,0.002615266875861991
Bacteria_Bacteroidota_Bacteroidia_Bacteroidales_Porphyromonadaceae_Porphyromonas_NA.34,16007.5,4.741424223357201e-07,0.001059623392663938,0.0
Bacteria_Bacteroidota_Bacteroidia_Bacteroidales_Rikenellaceae_Alistipes_NA.40,16511.5,3.4413255625139997e-07,0.0024072682995710227,0.00020748903012651786
Bacteria_Firmicutes_Clostridia_Lachnospirales_Lachnospiraceae_Lachnoclostridium_NA.68,8469.5,3.173969609916163e-07,0.002451146841363902,0.0038753562198939233
Bacteria_Firmicutes_Clostridia_Lachnospirales_Lachnospiraceae_Fusicatenibacter_saccharivorans.1,8466.0,3.155093743046332e-07,0.017650598099573735,0.02517726306432725
Bacteria_Firmicutes_Clostridia_Oscillospirales_Oscillospiraceae_Colidextribacter_NA.17,9020.0,2.076972168282218e-07,0.0004073043164307938,0.0007772334992195655
Bacteria_Firmicutes_Clostridia_Lachnospirales_Lachnospiraceae_Eubacterium_ruminantium_group_NA.2,17902.0,6.958054374961791e-08,0.004673723843873573,0.0023500840874271104
Bacteria_Firmicutes_Clostridia_Christensenellales_Christensenellaceae_Christensenellaceae_R-7_group_NA.99,17208.0,4.7284340338965914e-08,0.0014013539460735172,0.0001637808055326144
Bacteria_Firmicutes_Clostridia_Peptostreptococcales-Tissierellales_Peptostreptococcaceae_Peptostreptococcus_stomatis.1,16731.0,4.569594804822485e-08,0.0010426616507255694,4.1031406044100436e-05
Bacteria_Firmicutes_Clostridia_Christensenellales_Christensenellaceae_Christensenellaceae_R-7_group_NA.104,17913.0,4.425012009366787e-08,0.002021786063870927,0.0011663974570809113
Bacteria_Firmicutes_Clostridia_Oscillospirales_Oscillospiraceae_NK4A214_group_NA.14,17584.0,3.1972491682201134e-08,0.001008263043685933,0.0003912293945151952
Bacteria_Firmicutes_Clostridia_Clostridia_UCG-014_NA_NA_NA.53,17250.0,3.19661014193383e-08,0.0006794675974566216,9.561608663512968e-05
Bacteria_Firmicutes_Clostridia_Oscillospirales_Oscillospiraceae_UCG-002_NA.2,18053.0,2.8171876762807633e-08,0.013856534039491723,0.007443291535095045
Bacteria_Firmicutes_Clostridia_Lachnospirales_Lachnospiraceae_NA_NA.32,17680.0,1.70850122172649e-08,0.001017465789624434,0.00026424395719028883
Bacteria_Bacteroidota_Bacteroidia_Bacteroidales_Prevotellaceae_Prevotella_9_NA.54,10154.0,1.2006844357239503e-08,0.0002882112213004431,0.0018240282396031356
Bacteria_Firmicutes_Clostridia_Lachnospirales_Lachnospiraceae_Coprococcus_catus.1,18233.0,7.78478340656161e-09,0.0012999122833193065,0.000752941421579935
Bacteria_Bacteroidota_Bacteroidia_Bacteroidales_Rikenellaceae_Alistipes_putredinis.1,18275.0,6.656924514491911e-09,0.01473368329015375,0.00782910125346406
Bacteria_Firmicutes_Clostridia_Lachnospirales_Lachnospiraceae_Ruminococcus_torques_group_NA.19,18334.0,4.4766787719909294e-09,0.0044412728853544655,0.00225765529512316
Bacteria_Firmicutes_Clostridia_Oscillospirales_Ruminococcaceae_Faecalibacterium_prausnitzii.6,7869.0,3.46810998546977e-09,0.0019386700292716393,0.0036767918198960707
Bacteria_Firmicutes_Clostridia_Christensenellales_Christensenellaceae_Christensenellaceae_R-7_group_NA.97,18357.5,3.0573211350907125e-09,0.00493282584537178,0.002009499299387103
Bacteria_Bacteroidota_Bacteroidia_Bacteroidales_Prevotellaceae_Prevotella_7_NA.18,17506.0,3.0453646093804955e-09,0.0038904663453044473,0.00047949480987940715
Bacteria_Bacteroidota_Bacteroidia_Bacteroidales_Bacteroidaceae_Bacteroides_massiliensis.1,8790.0,5.961668246272368e-10,0.00046196433901266303,0.0010381969256081894
Bacteria_Bacteroidota_Bacteroidia_Bacteroidales_Porphyromonadaceae_Porphyromonas_NA.1,17306.0,5.753924302276659e-10,0.003574175380174592,1.303719609651011e-05
Bacteria_Firmicutes_Clostridia_Lachnospirales_Lachnospiraceae_Lachnoclostridium_NA.100,9208.5,5.48057196686084e-10,0.00032550445817496857,0.0008904007806894245
Bacteria_Proteobacteria_Alphaproteobacteria_Rhodospirillales_NA_NA_NA.13,18300.5,2.6835719938358984e-10,0.0028630987761482708,0.0007556492485026252
Bacteria_Firmicutes_Clostridia_Lachnospirales_Lachnospiraceae_Lachnoclostridium_NA.53,9875.5,1.2144334099425924e-10,9.45270191003384e-05,0.0005016149982494906
Bacteria_Firmicutes_Clostridia_Oscillospirales_Ruminococcaceae_NA_NA.13,18898.0,7.46193474146617e-11,0.0031359833630667335,0.0015044778606766282
Bacteria_Firmicutes_Clostridia_Christensenellales_Christensenellaceae_Christensenellaceae_R-7_group_NA.128,18953.5,4.749022183014194e-11,0.004384981772620524,0.0013273035779306978
Bacteria_Actinobacteriota_Coriobacteriia_Coriobacteriales_Eggerthellaceae_Adlercreutzia_equolifaciens.3,9648.0,2.2107557108139112e-11,4.765837783350779e-05,0.00036169395122019816
Bacteria_Actinobacteriota_Coriobacteriia_Coriobacteriales_Coriobacteriaceae_Collinsella_NA.7,9613.0,1.3801126172730245e-11,0.0002561423779899741,0.004484219353740302
Bacteria_Firmicutes_Clostridia_Lachnospirales_Lachnospiraceae_Ruminococcus_torques_group_NA.29,8156.0,4.871725901621162e-12,0.00028129632668474734,0.002131062047728075
Bacteria_Firmicutes_Clostridia_Oscillospirales_Oscillospiraceae_UCG-002_NA.64,19280.0,4.569643048161087e-12,0.0049479429189399965,0.0025233409808284118
Bacteria_Firmicutes_Clostridia_Christensenellales_Christensenellaceae_Christensenellaceae_R-7_group_NA.2,19460.0,1.0741101005615187e-12,0.01397768966759333,0.004241885620327265
Bacteria_Bacteroidota_Bacteroidia_Bacteroidales_Bacteroidaceae_Bacteroides_NA.342,7359.0,8.461143323604783e-13,0.000991953036574828,0.004573750859784402
Bacteria_Actinobacteriota_Coriobacteriia_Coriobacteriales_Eggerthellaceae_Adlercreutzia_NA.6,8988.0,1.4111942733242922e-14,5.892099674493798e-05,0.0003169725130511565
Bacteria_Firmicutes_Clostridia_Lachnospirales_Lachnospiraceae_Lachnospiraceae_UCG-010_NA.4,20394.0,3.0874804989786957e-16,0.0032160740355913534,0.0010054388135988961
Bacteria_Firmicutes_Clostridia_Lachnospirales_Lachnospiraceae_Roseburia_intestinalis.1,5540.0,3.4560707914407258e-18,0.002452350192852912,0.010410343908272087
